{
  "config": {
    "strategy": "fedprox",
    "mu": 0.01,
    "rounds": 30,
    "local_epochs": 5,
    "lr": 0.01,
    "batch_size": 10,
    "seed": 42,
    "partition_dir": "/home/bk489/federated/federated-thesis/data/partitions/brats2d_7030_et_skewed/client_data",
    "out_dir": "/home/bk489/federated/federated-thesis/results/federated/brats2d_7030_c0ET10/fedprox_mu0.01_R30_E5_20260128_002555"
  },
  "timing": {
    "total_seconds": 1492.5225403308868,
    "seconds_per_round": 49.7507513443629
  },
  "per_round": {
    "rounds": [
      0,
      1,
      2,
      3,
      4,
      5,
      6,
      7,
      8,
      9,
      10,
      11,
      12,
      13,
      14,
      15,
      16,
      17,
      18,
      19,
      20,
      21,
      22,
      23,
      24,
      25,
      26,
      27,
      28,
      29,
      30
    ],
    "client0_meanDice": [
      0.07090152055025101,
      0.06435710936784744,
      0.07492095232009888,
      0.08007948845624924,
      0.09764989465475082,
      0.10588192194700241,
      0.11314325779676437,
      0.14495505392551422,
      0.1629844307899475,
      0.19394899904727936,
      0.1956409066915512,
      0.22646093368530273,
      0.2388484925031662,
      0.23091167211532593,
      0.2192901372909546,
      0.30603525042533875,
      0.3416880667209625,
      0.2589474618434906,
      0.36179354786872864,
      0.36696600914001465,
      0.40421369671821594,
      0.4692120850086212,
      0.4711531698703766,
      0.4690195322036743,
      0.4877380132675171,
      0.4557393491268158,
      0.5470149517059326,
      0.5413575172424316,
      0.5642518401145935,
      0.5575993061065674,
      0.5667044520378113
    ],
    "client0_WT": [
      0.14753343164920807,
      0.13064618408679962,
      0.15550851821899414,
      0.1654735505580902,
      0.20275625586509705,
      0.2165578007698059,
      0.22613877058029175,
      0.286304771900177,
      0.313821017742157,
      0.3633521795272827,
      0.35009998083114624,
      0.39953839778900146,
      0.40978652238845825,
      0.39481234550476074,
      0.36303001642227173,
      0.503438413143158,
      0.5460478067398071,
      0.3979581594467163,
      0.5601070523262024,
      0.5384870171546936,
      0.5774890184402466,
      0.6570972204208374,
      0.6214926242828369,
      0.6008029580116272,
      0.6205118894577026,
      0.5973554849624634,
      0.6699050664901733,
      0.6969670057296753,
      0.6804637908935547,
      0.6302616000175476,
      0.685977578163147
    ],
    "client0_TC": [
      0.06507565081119537,
      0.05085859075188637,
      0.05722418427467346,
      0.061870209872722626,
      0.07474945485591888,
      0.08361884951591492,
      0.09318622946739197,
      0.12201666831970215,
      0.1431838870048523,
      0.17667683959007263,
      0.18998989462852478,
      0.2226352095603943,
      0.24118301272392273,
      0.2354547083377838,
      0.22642302513122559,
      0.3186078667640686,
      0.35684382915496826,
      0.28465384244918823,
      0.3818638324737549,
      0.38175883889198303,
      0.40767747163772583,
      0.4822397828102112,
      0.4669427275657654,
      0.4708763360977173,
      0.4688401222229004,
      0.4426114559173584,
      0.5016548037528992,
      0.5310814380645752,
      0.5090118050575256,
      0.5103089213371277,
      0.5230478644371033
    ],
    "client0_ET": [
      9.546543878968805e-05,
      0.011566569097340107,
      0.012030147016048431,
      0.012894688174128532,
      0.015443969517946243,
      0.01746910810470581,
      0.020104771479964256,
      0.026543719694018364,
      0.03194839134812355,
      0.04181797429919243,
      0.0468328557908535,
      0.057209163904190063,
      0.06557594239711761,
      0.062467992305755615,
      0.06841739267110825,
      0.0960594117641449,
      0.12217260897159576,
      0.09423040598630905,
      0.14340975880622864,
      0.18065209686756134,
      0.22747460007667542,
      0.2682991921901703,
      0.3250240981578827,
      0.3353792428970337,
      0.37386199831962585,
      0.327251136302948,
      0.46948498487472534,
      0.39602410793304443,
      0.503279983997345,
      0.5322273969650269,
      0.49108803272247314
    ],
    "client1_meanDice": [
      0.0694374367594719,
      0.06718198210000992,
      0.07739521563053131,
      0.08110003918409348,
      0.09989701956510544,
      0.10863994807004929,
      0.12054586410522461,
      0.15884360671043396,
      0.18486444652080536,
      0.22863763570785522,
      0.22194938361644745,
      0.2789515554904938,
      0.2922009527683258,
      0.30792298913002014,
      0.29976701736450195,
      0.42430245876312256,
      0.4705773890018463,
      0.30743667483329773,
      0.511752724647522,
      0.483242392539978,
      0.5742606520652771,
      0.5531196594238281,
      0.6061090230941772,
      0.5901708006858826,
      0.6097085475921631,
      0.566961407661438,
      0.6857821345329285,
      0.6672309041023254,
      0.6919450759887695,
      0.6365880370140076,
      0.7320165038108826
    ],
    "client1_WT": [
      0.13125663995742798,
      0.11471177637577057,
      0.14100533723831177,
      0.14839467406272888,
      0.1832793951034546,
      0.196457177400589,
      0.2095411866903305,
      0.2744984030723572,
      0.3062469959259033,
      0.36828532814979553,
      0.3423001170158386,
      0.41757628321647644,
      0.43121373653411865,
      0.4335976243019104,
      0.41427159309387207,
      0.5835386514663696,
      0.6272659301757812,
      0.39040303230285645,
      0.6366944313049316,
      0.5760113000869751,
      0.6629436016082764,
      0.6972739100456238,
      0.6987116932868958,
      0.6646814346313477,
      0.6974741220474243,
      0.6953954696655273,
      0.7678921222686768,
      0.7970561981201172,
      0.7810391187667847,
      0.7242281436920166,
      0.7915611267089844
    ],
    "client1_TC": [
      0.07478702068328857,
      0.056539636105298996,
      0.06287510693073273,
      0.06509383767843246,
      0.0797685831785202,
      0.08851279318332672,
      0.1036958396434784,
      0.1374719887971878,
      0.16893130540847778,
      0.21569815278053284,
      0.2170727252960205,
      0.2848910689353943,
      0.2978598177433014,
      0.33404332399368286,
      0.3257066011428833,
      0.4595508575439453,
      0.5161635279655457,
      0.3634885549545288,
      0.5780270099639893,
      0.5689284801483154,
      0.6481334567070007,
      0.5893728733062744,
      0.6733187437057495,
      0.6632502675056458,
      0.6784952878952026,
      0.6401823163032532,
      0.7449595928192139,
      0.7046476602554321,
      0.7518837451934814,
      0.6917662620544434,
      0.788138747215271
    ],
    "client1_ET": [
      0.0022686482407152653,
      0.03029453754425049,
      0.02830520272254944,
      0.029811594635248184,
      0.036643050611019135,
      0.04094984754920006,
      0.04840058833360672,
      0.0645604357123375,
      0.07941503822803497,
      0.1019294410943985,
      0.10647526383399963,
      0.13438737392425537,
      0.14752934873104095,
      0.15612807869911194,
      0.15932287275791168,
      0.22981789708137512,
      0.26830267906188965,
      0.16841848194599152,
      0.320536732673645,
      0.30478739738464355,
      0.4117048978805542,
      0.3727121949195862,
      0.4462965428829193,
      0.44258081912994385,
      0.45315617322921753,
      0.36530646681785583,
      0.54449462890625,
      0.49998897314071655,
      0.542912483215332,
      0.4937697947025299,
      0.6163495779037476
    ],