{
  "baseline_type": "centralized",
  "experiment": {
    "epochs": 30,
    "learning_rate": 0.01,
    "batch_size": 32,
    "seed": 42,
    "device": "cpu",
    "train_samples": 60000,
    "test_samples": 10000,
    "timestamp": "2026-01-23T12:36:47.157090"
  },
  "per_epoch_metrics": {
    "epochs": [
      0,
      1,
      2,
      3,
      4,
      5,
      6,
      7,
      8,
      9,
      10,
      11,
      12,
      13,
      14,
      15,
      16,
      17,
      18,
      19,
      20,
      21,
      22,
      23,
      24,
      25,
      26,
      27,
      28,
      29
    ],
    "train_loss": [
      0.35567013556063176,
      0.13487090988804898,
      0.08664258160466949,
      0.06425088907399525,
      0.05051590326565007,
      0.04143188176940506,
      0.03550214725295082,
      0.029396269188572962,
      0.02565966986458904,
      0.022894009080723237,
      0.02033449885574713,
      0.017158569475857074,
      0.015288310745632043,
      0.014246012618965081,
      0.012406423609159537,
      0.01127673013197879,
      0.010098478708040783,
      0.009707265069696587,
      0.008630700016301125,
      0.006788240848793308,
      0.006514994286039049,
      0.00579317132035964,
      0.004871684770829355,
      0.004827750175123462,
      0.004674533295266641,
      0.004104640055013715,
      0.0036272173981372665,
      0.0036075999582804797,
      0.00356345221913125,
      0.003209469379565538
    ],
    "train_accuracy": [
      0.8936166666666666,
      0.9588166666666667,
      0.97355,
      0.9804166666666667,
      0.9846833333333334,
      0.98685,
      0.9889666666666667,
      0.9907333333333334,
      0.99225,
      0.9929,
      0.9935666666666667,
      0.9947166666666667,
      0.9955166666666667,
      0.9954,
      0.9961,
      0.9967,
      0.9969333333333333,
      0.99695,
      0.9974,
      0.9979833333333333,
      0.9981166666666667,
      0.9982,
      0.9987,
      0.9987333333333334,
      0.9985333333333334,
      0.99895,
      0.9990333333333333,
      0.9989333333333333,
      0.9988666666666667,
      0.9992166666666666
    ],
    "test_loss": [
      0.14423066720962524,
      0.09333064417019486,
      0.07037449940815568,
      0.0541752699572593,
      0.04259506130628288,
      0.04118524796552956,
      0.042487534151319416,
      0.03443878988053184,
      0.03560759532970842,
      0.03635074279457331,
      0.037547171377693304,
      0.035853537485632116,
      0.040169024834875014,
      0.03252145801906008,
      0.03574818379173521,
      0.03308809808327933,
      0.03520227909983659,
      0.034212853087981054,
      0.03883349766134052,
      0.032350457648397425,
      0.032377008019271306,
      0.03526064472243161,
      0.03264306845971805,
      0.036398167126000046,
      0.03901439499013068,
      0.03564178929031623,
      0.037740456038194314,
      0.038183346198097934,
      0.03558245364308532,
      0.03888063607990516
    ],
    "test_accuracy": [
      0.9577,
      0.9707,
      0.9787,
      0.9821,
      0.9851,
      0.9866,
      0.986,
      0.9889,
      0.988,
      0.9883,
      0.9871,
      0.9874,
      0.9869,
      0.9901,
      0.9885,
      0.9888,
      0.9903,
      0.9888,
      0.9886,
      0.9904,
      0.9898,
      0.9889,
      0.9898,
      0.9902,
      0.9886,
      0.9908,
      0.9892,
      0.9898,
      0.9896,
      0.9886
    ]
  },
  "final_metrics": {
    "final_train_accuracy": 0.9992166666666666,
    "final_test_accuracy": 0.9886,
    "final_train_loss": 0.003209469379565538,
    "final_test_loss": 0.03888063607990516,
    "best_test_accuracy": 0.9908,
    "best_test_loss": 0.032350457648397425,
    "total_time_seconds": 2529.1983602046967
  }
}