Metric,FedAvg,FedProx
Final Accuracy,0.9029,0.9495
Best Accuracy,0.9029,0.9597
Final Loss,0.3227779303073883,0.15759806017875672
Rounds to 90%,-1,16
Rounds to 95%,-1,-1
Variance,0.029030225702393345,0.05910540095733612
Smoothness,0.973580276561704,0.94750206871285
Total Time (s),469.79477548599243,1120.463961839676
FedProx mu,,0.01
