{
  "experiment": {
    "strategy": "fedavg",
    "mu": null,
    "num_clients": 10,
    "rounds": 30,
    "local_epochs": 1,
    "learning_rate": 0.01,
    "fraction_fit": 1.0,
    "seed": 42,
    "device": "cuda",
    "run_name": "fedavg_r30_e1_lr0.01_s42",
    "timestamp": "2026-01-23T11:34:16.863291"
  },
  "per_round_metrics": {
    "rounds": [
      0,
      1,
      2,
      3,
      4,
      5,
      6,
      7,
      8,
      9,
      10,
      11,
      12,
      13,
      14,
      15,
      16,
      17,
      18,
      19,
      20,
      21,
      22,
      23,
      24,
      25,
      26,
      27,
      28,
      29,
      30
    ],
    "global_test_loss": [
      2.302870500946045,
      1.897801358604431,
      1.4184154426574707,
      1.1900117942810058,
      1.0599952751159667,
      0.982174295425415,
      0.9033545070648193,
      0.8565219819068909,
      0.8110099528312683,
      0.7649033162117005,
      0.7173069849014282,
      0.6776439529418945,
      0.6303976879119874,
      0.6190502889633178,
      0.5777265360832214,
      0.5600221548080444,
      0.5228052401542663,
      0.5047299933433532,
      0.4772140796661377,
      0.45868768658638,
      0.4481420711040497,
      0.4296954952955246,
      0.408353991484642,
      0.39157251574993135,
      0.38342805762290955,
      0.3774111357927322,
      0.3611751865386963,
      0.35262499960660937,
      0.3480624815940857,
      0.3311676319122314,
      0.3227779303073883
    ],
    "global_test_accuracy": [
      0.0888,
      0.3279,
      0.6306,
      0.6436,
      0.6698,
      0.6835,
      0.7016,
      0.7268,
      0.7313,
      0.7438,
      0.7652,
      0.7758,
      0.7937,
      0.7963,
      0.813,
      0.8194,
      0.8353,
      0.8412,
      0.8528,
      0.8619,
      0.8626,
      0.8693,
      0.8771,
      0.8816,
      0.8831,
      0.8839,
      0.8917,
      0.8941,
      0.8948,
      0.9004,
      0.9029
    ]
  },
  "final_metrics": {
    "final_accuracy": 0.9029,
    "final_loss": 0.3227779303073883,
    "best_accuracy": 0.9029,
    "best_loss": 0.3227779303073883,
    "total_time_seconds": 469.79477548599243,
    "avg_time_per_round": 15.659825849533082
  },
  "convergence": {
    "round_to_90_acc": -1,
    "round_to_95_acc": -1,
    "round_to_98_acc": -1
  },
  "stability": {
    "accuracy": {
      "variance": 0.029030225702393345,
      "max_oscillation": 0.3027,
      "smoothness": 0.973580276561704,
      "mean_change_per_round": 0.027136666666666667
    },
    "loss": {
      "variance": 0.2074094159785608,
      "max_oscillation": 0.47938591594696045,
      "smoothness": 0.9380835885241744,
      "mean_change_per_round": 0.06600308568795524
    }
  },
  "client_data_distribution": {
    "client_0": {
      "digits": [
        0,
        5
      ]
    },
    "client_1": {
      "digits": [
        1,
        6
      ]
    },
    "client_2": {
      "digits": [
        2,
        7
      ]
    },
    "client_3": {
      "digits": [
        3,
        8
      ]
    },
    "client_4": {
      "digits": [
        4,
        9
      ]
    },
    "client_5": {
      "digits": [
        5,
        0
      ]
    },
    "client_6": {
      "digits": [
        6,
        1
      ]
    },
    "client_7": {
      "digits": [
        7,
        2
      ]
    },
    "client_8": {
      "digits": [
        8,
        3
      ]
    },
    "client_9": {
      "digits": [
        9,
        4
      ]
    }
  }
}