{
  "experiment": {
    "strategy": "fedprox",
    "mu": 0.01,
    "num_clients": 10,
    "rounds": 30,
    "local_epochs": 1,
    "learning_rate": 0.01,
    "fraction_fit": 1.0,
    "seed": 42,
    "device": "cuda",
    "run_name": "fedprox_r30_mu0.01_e1_lr0.01_s42",
    "timestamp": "2026-01-23T12:37:27.585019"
  },
  "per_round_metrics": {
    "rounds": [
      0,
      1,
      2,
      3,
      4,
      5,
      6,
      7,
      8,
      9,
      10,
      11,
      12,
      13,
      14,
      15,
      16,
      17,
      18,
      19,
      20,
      21,
      22,
      23,
      24,
      25,
      26,
      27,
      28,
      29,
      30
    ],
    "global_test_loss": [
      2.31291946144104,
      1.9404564947128295,
      1.4616730278015138,
      1.2245208530426026,
      1.082863478088379,
      1.0169804222106933,
      0.9236878305435181,
      0.8373791841506958,
      0.7913410737037658,
      0.7494204145431519,
      0.7096386827468872,
      0.6469731122970581,
      0.6197973320007324,
      0.5854613049507141,
      0.5565823801040649,
      0.5307143813133239,
      0.508709525346756,
      0.4825622886657715,
      0.4621508486747742,
      0.4475930631637573,
      0.4279061238765717,
      0.4227230080842972,
      0.4108470663785934,
      0.38376056394577024,
      0.38065947985649107,
      0.36024797364473343,
      0.35233628964424135,
      0.34512143015861513,
      0.32981440780162813,
      0.3155500123381615,
      0.3100505793213844
    ],
    "global_test_accuracy": [
      0.0645,
      0.2749,
      0.6476,
      0.6625,
      0.6826,
      0.6928,
      0.7118,
      0.7306,
      0.7453,
      0.7584,
      0.7742,
      0.798,
      0.8026,
      0.8169,
      0.8279,
      0.8355,
      0.8407,
      0.8517,
      0.8569,
      0.8674,
      0.8692,
      0.8713,
      0.8714,
      0.8861,
      0.8859,
      0.8957,
      0.8967,
      0.8979,
      0.9032,
      0.9085,
      0.91
    ]
  },
  "final_metrics": {
    "final_accuracy": 0.91,
    "final_loss": 0.3100505793213844,
    "best_accuracy": 0.91,
    "best_loss": 0.3100505793213844,
    "total_time_seconds": 518.043760061264,
    "avg_time_per_round": 17.26812533537547
  },
  "convergence": {
    "round_to_90_acc": 28,
    "round_to_95_acc": -1,
    "round_to_98_acc": -1
  },
  "stability": {
    "accuracy": {
      "variance": 0.03194219598335068,
      "max_oscillation": 0.3727,
      "smoothness": 0.9725765823010514,
      "mean_change_per_round": 0.028196666666666665
    },
    "loss": {
      "variance": 0.22038839804258284,
      "max_oscillation": 0.4787834669113158,
      "smoothness": 0.937415958253709,
      "mean_change_per_round": 0.06676229607065517
    }
  },
  "client_data_distribution": {
    "client_0": {
      "digits": [
        0,
        5
      ]
    },
    "client_1": {
      "digits": [
        1,
        6
      ]
    },
    "client_2": {
      "digits": [
        2,
        7
      ]
    },
    "client_3": {
      "digits": [
        3,
        8
      ]
    },
    "client_4": {
      "digits": [
        4,
        9
      ]
    },
    "client_5": {
      "digits": [
        5,
        0
      ]
    },
    "client_6": {
      "digits": [
        6,
        1
      ]
    },
    "client_7": {
      "digits": [
        7,
        2
      ]
    },
    "client_8": {
      "digits": [
        8,
        3
      ]
    },
    "client_9": {
      "digits": [
        9,
        4
      ]
    }
  }
}