{
  "experiment": {
    "strategy": "fedprox",
    "mu": 1.0,
    "num_clients": 10,
    "rounds": 30,
    "local_epochs": 5,
    "learning_rate": 0.05,
    "fraction_fit": 0.5,
    "seed": 42,
    "device": "cuda",
    "run_name": "fedprox_r30_mu1.0_ff0.5_e5_lr0.05_s42",
    "timestamp": "2026-01-23T14:02:56.747154"
  },
  "per_round_metrics": {
    "rounds": [
      0,
      1,
      2,
      3,
      4,
      5,
      6,
      7,
      8,
      9,
      10,
      11,
      12,
      13,
      14,
      15,
      16,
      17,
      18,
      19,
      20,
      21,
      22,
      23,
      24,
      25,
      26,
      27,
      28,
      29,
      30
    ],
    "global_test_loss": [
      2.3058353023529055,
      2.2130321586608885,
      2.074206732177734,
      2.1024378097534178,
      1.557564683151245,
      1.3943493217468261,
      1.2643611682891847,
      1.3161507852554322,
      1.0268357847213745,
      1.0976775718688965,
      1.0719350883483887,
      1.1001846014022827,
      1.1024490215301515,
      0.9979733682632447,
      0.7445485307693481,
      0.6561887756347656,
      0.7727128770828247,
      0.7987755056381226,
      0.8665500833511353,
      0.6669030093193055,
      0.744301056098938,
      0.498980634021759,
      0.5973203611373902,
      0.48312828540802,
      0.468432825088501,
      0.5424922625541687,
      0.6119759565353393,
      0.6634717992782593,
      0.652684397983551,
      0.7366575873374939,
      0.685395514202118
    ],
    "global_test_accuracy": [
      0.1111,
      0.1852,
      0.2972,
      0.2406,
      0.4731,
      0.4774,
      0.5622,
      0.6439,
      0.6939,
      0.5806,
      0.6746,
      0.6203,
      0.6574,
      0.6356,
      0.7802,
      0.8005,
      0.7252,
      0.7241,
      0.7125,
      0.7868,
      0.7387,
      0.8487,
      0.7856,
      0.8639,
      0.8528,
      0.8144,
      0.7886,
      0.7819,
      0.8141,
      0.7966,
      0.8054
    ]
  },
  "final_metrics": {
    "final_accuracy": 0.8054,
    "final_loss": 0.685395514202118,
    "best_accuracy": 0.8639,
    "best_loss": 0.468432825088501,
    "total_time_seconds": 1127.4986233711243,
    "avg_time_per_round": 37.583287445704144
  },
  "convergence": {
    "round_to_90_acc": -1,
    "round_to_95_acc": -1,
    "round_to_98_acc": -1
  },
  "stability": {
    "accuracy": {
      "variance": 0.039921092382934446,
      "max_oscillation": 0.2325,
      "smoothness": 0.9438800391395589,
      "mean_change_per_round": 0.05945666666666667
    },
    "loss": {
      "variance": 0.27069089206507624,
      "max_oscillation": 0.5448731266021727,
      "smoothness": 0.9005381136265459,
      "mean_change_per_round": 0.11044717027346293
    }
  },
  "client_data_distribution": {
    "client_0": {
      "digits": [
        0,
        5
      ]
    },
    "client_1": {
      "digits": [
        1,
        6
      ]
    },
    "client_2": {
      "digits": [
        2,
        7
      ]
    },
    "client_3": {
      "digits": [
        3,
        8
      ]
    },
    "client_4": {
      "digits": [
        4,
        9
      ]
    },
    "client_5": {
      "digits": [
        5,
        0
      ]
    },
    "client_6": {
      "digits": [
        6,
        1
      ]
    },
    "client_7": {
      "digits": [
        7,
        2
      ]
    },
    "client_8": {
      "digits": [
        8,
        3
      ]
    },
    "client_9": {
      "digits": [
        9,
        4
      ]
    }
  }
}