{
  "experiment": {
    "strategy": "fedprox",
    "mu": 0.01,
    "num_clients": 10,
    "rounds": 30,
    "local_epochs": 5,
    "learning_rate": 0.05,
    "fraction_fit": 0.5,
    "seed": 42,
    "device": "cuda",
    "run_name": "fedprox_r30_mu0.01_ff0.5_e5_lr0.05_s42",
    "timestamp": "2026-01-23T23:45:42.950423"
  },
  "per_round_metrics": {
    "rounds": [
      0,
      1,
      2,
      3,
      4,
      5,
      6,
      7,
      8,
      9,
      10,
      11,
      12,
      13,
      14,
      15,
      16,
      17,
      18,
      19,
      20,
      21,
      22,
      23,
      24,
      25,
      26,
      27,
      28,
      29,
      30
    ],
    "global_test_loss": [
      2.3050830615997313,
      2.1636385375976563,
      2.012763306427002,
      2.418898017120361,
      1.6674149623870849,
      1.1075012104034423,
      0.8829226524353028,
      0.7003732151031494,
      0.5632249588012695,
      0.5770167673110962,
      0.30249327166080475,
      0.7813010398864746,
      0.29605192959308624,
      0.35647051928043366,
      0.3884994699716568,
      0.39494311685562133,
      0.2628092644572258,
      0.166340461358428,
      0.2080545165657997,
      0.256418763256073,
      0.26770149532556536,
      0.22280641784071922,
      0.305903141784668,
      0.325118864774704,
      0.43293489193916324,
      0.2235650510072708,
      0.12701817770600318,
      0.20833125522732734,
      0.13869977013319731,
      0.1668412234544754,
      0.15759806017875672
    ],
    "global_test_accuracy": [
      0.0665,
      0.2033,
      0.2566,
      0.348,
      0.4278,
      0.6115,
      0.694,
      0.7495,
      0.7955,
      0.8006,
      0.9062,
      0.7217,
      0.9104,
      0.8746,
      0.8627,
      0.8569,
      0.907,
      0.9441,
      0.9287,
      0.9115,
      0.9025,
      0.927,
      0.8917,
      0.8902,
      0.8523,
      0.9262,
      0.9597,
      0.9326,
      0.9548,
      0.9466,
      0.9495
    ]
  },
  "final_metrics": {
    "final_accuracy": 0.9495,
    "final_loss": 0.15759806017875672,
    "best_accuracy": 0.9597,
    "best_loss": 0.12701817770600318,
    "total_time_seconds": 1120.463961839676,
    "avg_time_per_round": 37.3487987279892
  },
  "convergence": {
    "round_to_90_acc": 16,
    "round_to_95_acc": -1,
    "round_to_98_acc": -1
  },
  "stability": {
    "accuracy": {
      "variance": 0.05910540095733612,
      "max_oscillation": 0.18869999999999998,
      "smoothness": 0.94750206871285,
      "mean_change_per_round": 0.05540666666666668
    },
    "loss": {
      "variance": 0.46881251939198265,
      "max_oscillation": 0.7514830547332763,
      "smoothness": 0.8575195770421224,
      "mean_change_per_round": 0.16615413428733747
    }
  },
  "client_data_distribution": {
    "client_0": {
      "digits": [
        0,
        5
      ]
    },
    "client_1": {
      "digits": [
        1,
        6
      ]
    },
    "client_2": {
      "digits": [
        2,
        7
      ]
    },
    "client_3": {
      "digits": [
        3,
        8
      ]
    },
    "client_4": {
      "digits": [
        4,
        9
      ]
    },
    "client_5": {
      "digits": [
        5,
        0
      ]
    },
    "client_6": {
      "digits": [
        6,
        1
      ]
    },
    "client_7": {
      "digits": [
        7,
        2
      ]
    },
    "client_8": {
      "digits": [
        8,
        3
      ]
    },
    "client_9": {
      "digits": [
        9,
        4
      ]
    }
  }
}