{
  "config": {
    "strategy": "fedavg",
    "mu": 0.0,
    "rounds": 30,
    "local_epochs": 3,
    "lr": 0.001,
    "batch_size": 4,
    "seed": 42,
    "partition_dir": "/home/bk489/federated/federated-thesis/data/partitions/brats2d_one_slice_per_patient_clients",
    "out_dir": "/home/bk489/federated/federated-thesis/results/federated/clients_2_70_30/fedavg_mu0.0_R30_E3_20260127_120200"
  },
  "timing": {
    "total_seconds": 1099.026943206787,
    "seconds_per_round": 36.63423144022624
  },
  "per_round": {
    "rounds": [
      0,
      1,
      2,
      3,
      4,
      5,
      6,
      7,
      8,
      9,
      10,
      11,
      12,
      13,
      14,
      15,
      16,
      17,
      18,
      19,
      20,
      21,
      22,
      23,
      24,
      25,
      26,
      27,
      28,
      29,
      30
    ],
    "client0_meanDice": [
      0.010744457133114338,
      0.04012023285031319,
      0.038745295256376266,
      0.08301497250795364,
      0.3923204243183136,
      0.4768906533718109,
      0.5345209240913391,
      0.49487677216529846,
      0.44914329051971436,
      0.5563670992851257,
      0.43357741832733154,
      0.5758478045463562,
      0.5213688611984253,
      0.5897586345672607,
      0.6415830254554749,
      0.6355504989624023,
      0.6172995567321777,
      0.6288984417915344,
      0.6870579719543457,
      0.5338056683540344,
      0.6602649688720703,
      0.6504876613616943,
      0.6552680134773254,
      0.6609954237937927,
      0.7327008247375488,
      0.6693916916847229,
      0.7059304118156433,
      0.667883574962616,
      0.7439755797386169,
      0.6721842885017395,
      0.7319561839103699
    ],
    "client0_WT": [
      0.0016300652641803026,
      0.07703366130590439,
      0.07145483791828156,
      0.07504493743181229,
      0.4278755187988281,
      0.5107804536819458,
      0.5564233660697937,
      0.5098613500595093,
      0.47924667596817017,
      0.5938113331794739,
      0.4464488923549652,
      0.5667868256568909,
      0.4992150366306305,
      0.6225811839103699,
      0.6626571416854858,
      0.6461674571037292,
      0.6134033203125,
      0.6419558525085449,
      0.6595491170883179,
      0.4535808563232422,
      0.6472941040992737,
      0.6289869546890259,
      0.6223115921020508,
      0.5950661897659302,
      0.7019628286361694,
      0.6530141234397888,
      0.6832898855209351,
      0.6589818596839905,
      0.7331167459487915,
      0.6594235301017761,
      0.6728087663650513
    ],
    "client0_TC": [
      0.0082367192953825,
      0.028474053367972374,
      0.028521910309791565,
      0.08454842865467072,
      0.3775523006916046,
      0.43912434577941895,
      0.5336156487464905,
      0.47669678926467896,
      0.4512547552585602,
      0.5279778242111206,
      0.43097835779190063,
      0.5495898723602295,
      0.5305076837539673,
      0.5512909889221191,
      0.592462420463562,
      0.598442554473877,
      0.5908957719802856,
      0.5861470103263855,
      0.6510292887687683,
      0.5556613802909851,
      0.6558856964111328,
      0.6185541152954102,
      0.654705822467804,
      0.6768972873687744,
      0.75736403465271,
      0.6606667637825012,
      0.6972273588180542,
      0.6503491997718811,
      0.7359854578971863,
      0.683764636516571,
      0.7588647603988647
    ],
    "client0_ET": [
      0.022366588935256004,
      0.014852980151772499,
      0.016259143128991127,
      0.08945155143737793,
      0.37153351306915283,
      0.48076707124710083,
      0.5135236978530884,
      0.49807214736938477,
      0.41692838072776794,
      0.5473120212554932,
      0.42330503463745117,
      0.611166775226593,
      0.5343838930130005,
      0.5954036712646484,
      0.6696294546127319,
      0.6620414853096008,
      0.6475995182991028,
      0.6585924625396729,
      0.7505956888198853,
      0.5921747088432312,
      0.6776151657104492,
      0.7039219737052917,
      0.6887866258621216,
      0.7110228538513184,
      0.7387755513191223,
      0.6944943070411682,
      0.7372738122940063,
      0.694319486618042,
      0.7628244757652283,
      0.6733647584915161,
      0.7641948461532593
    ],
    "client1_meanDice": [
      0.012667239643633366,
      0.03956388309597969,
      0.03972616419196129,
      0.04167753830552101,
      0.25025680661201477,
      0.3296734690666199,
      0.4544888734817505,
      0.3204837143421173,
      0.2954871356487274,
      0.4335535764694214,
      0.23972094058990479,
      0.4920565187931061,
      0.3431248962879181,
      0.5169611573219299,
      0.6352251172065735,
      0.5944189429283142,
      0.5792221426963806,
      0.6526312828063965,
      0.7060930728912354,
      0.44036170840263367,
      0.6429762244224548,
      0.6451091170310974,
      0.6004807353019714,
      0.6481855511665344,
      0.761883556842804,
      0.6130396723747253,
      0.7736518979072571,
      0.7553706169128418,
      0.812640368938446,
      0.7300003170967102,
      0.6700342297554016
    ],
    "client1_WT": [
      0.0012790965847671032,
      0.06531972438097,
      0.06276421248912811,
      0.0648743137717247,
      0.2941925823688507,
      0.37508949637413025,
      0.5377686023712158,
      0.42716872692108154,
      0.3295937776565552,
      0.527703046798706,
      0.31987953186035156,
      0.523043155670166,
      0.4269658029079437,
      0.662523627281189,
      0.7017452716827393,
      0.660514771938324,
      0.6563401222229004,
      0.6962155103683472,
      0.6901580691337585,
      0.42316916584968567,
      0.6296169757843018,
      0.6566557884216309,
      0.6367127895355225,
      0.6306788921356201,
      0.7832591533660889,
      0.6935125589370728,
      0.7800567746162415,
      0.7313779592514038,
      0.809477686882019,
      0.722230076789856,
      0.6960119009017944
    ],
    "client1_TC": [
      0.012570077553391457,
      0.03735195845365524,
      0.041206806898117065,
      0.03865206986665726,
      0.2492486983537674,
      0.3261817991733551,
      0.4615493416786194,
      0.3026459813117981,
      0.31857427954673767,
      0.40308570861816406,
      0.24360062181949615,
      0.4891763925552368,
      0.3146519362926483,
      0.43818241357803345,
      0.6135939359664917,
      0.5623362064361572,
      0.5121852159500122,
      0.6679356098175049,
      0.7116456031799316,
      0.4484466314315796,
      0.6446865797042847,
      0.6364280581474304,
      0.5686904191970825,
      0.6728865504264832,
      0.7818344831466675,
      0.564356803894043,
      0.8292027711868286,
      0.8080291748046875,
      0.8623344898223877,
      0.7573987245559692,
      0.642985463142395
    ],
    "client1_ET": [
      0.024152545258402824,
      0.016019970178604126,
      0.015207471325993538,
      0.021506229415535927,
      0.20732909440994263,
      0.28774911165237427,
      0.36414870619773865,
      0.2316363900899887,
      0.2382933646440506,
      0.36987200379371643,
      0.15568266808986664,
      0.463949978351593,
      0.2877569794654846,
      0.4501774311065674,
      0.5903360843658447,
      0.5604057312011719,
      0.5691409707069397,
      0.5937427282333374,
      0.7164754867553711,
      0.44946932792663574,
      0.6546250581741333,
      0.6422433853149414,
      0.5960389375686646,
      0.6409911513328552,
      0.7205570936203003,
      0.5812496542930603,
      0.7116960287094116,
      0.7267047166824341,
      0.7661088705062866,
      0.7103720903396606,
      0.6711053252220154
    ],