{
  "config": {
    "strategy": "fedavg",
    "mu": 0.0,
    "rounds": 10,
    "local_epochs": 1,
    "lr": 0.001,
    "batch_size": 4,
    "seed": 42,
    "partition_dir": "/home/bk489/federated/federated-thesis/data/partitions/brats2d_one_slice_per_patient_clients",
    "out_dir": "/home/bk489/federated/federated-thesis/results/federated/clients_2_70_30/fedavg_mu0.0_R10_E1_20260127_112412"
  },
  "timing": {
    "total_seconds": 420.19917154312134,
    "seconds_per_round": 42.01991715431213
  },
  "per_round": {
    "rounds": [
      0,
      1,
      2,
      3,
      4,
      5,
      6,
      7,
      8,
      9,
      10
    ],
    "client0_meanDice": [
      0.026110626757144928,
      0.04766671732068062,
      0.06840881705284119,
      0.14018957316875458,
      0.16078485548496246,
      0.13428276777267456,
      0.11762086302042007,
      0.4541633129119873,
      0.31160077452659607,
      0.48173537850379944,
      0.34516921639442444
    ],
    "client0_WT": [
      0.030359262600541115,
      0.08336286246776581,
      0.11967368423938751,
      0.2378627061843872,
      0.25820255279541016,
      0.235697939991951,
      0.14880307018756866,
      0.5496913194656372,
      0.39469653367996216,
      0.5748898386955261,
      0.414213091135025
    ],
    "client0_TC": [
      0.0130592230707407,
      0.041186220943927765,
      0.058556996285915375,
      0.12751317024230957,
      0.15572571754455566,
      0.11514298617839813,
      0.12964007258415222,
      0.49187612533569336,
      0.3268108367919922,
      0.520667552947998,
      0.35499972105026245
    ],
    "client0_ET": [
      0.03491339460015297,
      0.01845107600092888,
      0.026995772495865822,
      0.055192846804857254,
      0.06842631846666336,
      0.05200737714767456,
      0.07441943883895874,
      0.32092246413230896,
      0.21329493820667267,
      0.349648654460907,
      0.2662948966026306
    ],
    "client1_meanDice": [
      0.026110626757144928,
      0.04766671732068062,
      0.06840881705284119,
      0.14018957316875458,
      0.16078485548496246,
      0.13428276777267456,
      0.11762086302042007,
      0.4541633129119873,
      0.31160077452659607,
      0.48173537850379944,
      0.34516921639442444
    ],
    "client1_WT": [
      0.030359262600541115,
      0.08336286246776581,
      0.11967368423938751,
      0.2378627061843872,
      0.25820255279541016,
      0.235697939991951,
      0.14880307018756866,
      0.5496913194656372,
      0.39469653367996216,
      0.5748898386955261,
      0.414213091135025
    ],
    "client1_TC": [
      0.0130592230707407,
      0.041186220943927765,
      0.058556996285915375,
      0.12751317024230957,
      0.15572571754455566,
      0.11514298617839813,
      0.12964007258415222,
      0.49187612533569336,
      0.3268108367919922,
      0.520667552947998,
      0.35499972105026245
    ],
    "client1_ET": [
      0.03491339460015297,
      0.01845107600092888,
      0.026995772495865822,
      0.055192846804857254,
      0.06842631846666336,
      0.05200737714767456,
      0.07441943883895874,
      0.32092246413230896,
      0.21329493820667267,
      0.349648654460907,
      0.2662948966026306
    ],
    "global_meanDice": [
      0.02437741495668888,
      0.04623403772711754,
      0.06652224808931351,
      0.13822625577449799,
      0.16174976527690887,
      0.13968823850154877,
      0.12232425063848495,
      0.4439983665943146,
      0.31799080967903137,
      0.47855663299560547,
      0.35466668009757996
    ],
    "global_WT": [
      0.028897583484649658,
      0.08192616701126099,
      0.11803975701332092,
      0.23691816627979279,
      0.2624868154525757,
      0.24725759029388428,
      0.15633699297904968,
      0.5477344393730164,
      0.40095674991607666,
      0.5737897157669067,
      0.4225003123283386
    ],
    "global_TC": [
      0.012207096442580223,
      0.03970891609787941,
      0.05663145333528519,
      0.12542445957660675,
      0.15617252886295319,
      0.11919961124658585,
      0.13323093950748444,
      0.47795557975769043,
      0.3343063294887543,
      0.5142395496368408,
      0.36475494503974915
    ],
    "global_ET": [
      0.03202756494283676,
      0.017067033797502518,
      0.024895552545785904,
      0.05233614519238472,
      0.06658998131752014,
      0.05260751023888588,
      0.07740478962659836,
      0.30630502104759216,
      0.2187093198299408,
      0.34764060378074646,
      0.2767447233200073
    ]
  },
  "final": {
    "client0_meanDice": 0.34516921639442444,
    "client0_best_meanDice": 0.48173537850379944,
    "client1_meanDice": 0.34516921639442444,
    "client1_best_meanDice": 0.48173537850379944,
    "global_meanDice": 0.35466668009757996,
    "global_best_meanDice": 0.47855663299560547
  }
}