{
  "config": {
    "strategy": "fedprox",
    "mu": 0.01,
    "rounds": 20,
    "local_epochs": 1,
    "lr": 0.001,
    "batch_size": 4,
    "seed": 42,
    "partition_dir": "/home/bk489/federated/federated-thesis/data/partitions/federated_clients_2_70_30/client_data",
    "out_dir": "/home/bk489/federated/federated-thesis/results/federated/clients_2_70_30/fedprox_mu0.01_R20_E1_20260126_165029"
  },
  "timing": {
    "total_seconds": 3029.037330389023,
    "seconds_per_round": 151.45186651945113
  },
  "per_round": {
    "rounds": [
      0,
      1,
      2,
      3,
      4,
      5,
      6,
      7,
      8,
      9,
      10,
      11,
      12,
      13,
      14,
      15,
      16,
      17,
      18,
      19,
      20
    ],
    "client0_meanDice": [
      0.037288255989551544,
      0.47206437587738037,
      0.7130922675132751,
      0.7849252223968506,
      0.8031466007232666,
      0.8140098452568054,
      0.815427303314209,
      0.8212459087371826,
      0.8098300099372864,
      0.8025600910186768,
      0.8187033534049988,
      0.8144283890724182,
      0.7813073992729187,
      0.8090575337409973,
      0.8216498494148254,
      0.7856543660163879,
      0.824323832988739,
      0.8022842407226562,
      0.8184974193572998,
      0.8204963207244873,
      0.8189703822135925
    ],
    "client0_WT": [
      0.06818073242902756,
      0.6384056806564331,
      0.801810085773468,
      0.8903011679649353,
      0.890721321105957,
      0.8970087170600891,
      0.8936560153961182,
      0.8967923521995544,
      0.8928576707839966,
      0.900321900844574,
      0.9022373557090759,
      0.9016371965408325,
      0.8862999677658081,
      0.8842727541923523,
      0.898284912109375,
      0.8810015916824341,
      0.897580623626709,
      0.8942893147468567,
      0.8865839838981628,
      0.8932633399963379,
      0.8875592947006226
    ],
    "client0_TC": [
      0.027843883261084557,
      0.3681774437427521,
      0.5959263443946838,
      0.7416292428970337,
      0.7528780102729797,
      0.7749558687210083,
      0.781910240650177,
      0.7897664308547974,
      0.7668127417564392,
      0.758560061454773,
      0.7859925031661987,
      0.7727789282798767,
      0.7273194789886475,
      0.7811619639396667,
      0.7887930870056152,
      0.7451564073562622,
      0.7931725382804871,
      0.7559176087379456,
      0.7952564358711243,
      0.7935129404067993,
      0.7881066799163818
    ],
    "client0_ET": [
      0.01584015227854252,
      0.4096100330352783,
      0.7415403127670288,
      0.7228453755378723,
      0.765840470790863,
      0.7700647115707397,
      0.7707158327102661,
      0.777178943157196,
      0.7698197960853577,
      0.7487983107566833,
      0.7678802013397217,
      0.7688692212104797,
      0.7303025722503662,
      0.7617378830909729,
      0.7778716087341309,
      0.7308050394058228,
      0.7822182774543762,
      0.7566457986831665,
      0.7736518383026123,
      0.7747127413749695,
      0.781245231628418
    ],
    "client1_meanDice": [
      0.047443944960832596,
      0.48454228043556213,
      0.6966965794563293,
      0.7237390875816345,
      0.7305744290351868,
      0.7257493138313293,
      0.7432774901390076,
      0.7403289675712585,
      0.7321157455444336,
      0.6957303881645203,
      0.706836462020874,
      0.7239602208137512,
      0.7025695443153381,
      0.734910249710083,
      0.7672452330589294,
      0.6977129578590393,
      0.7528107166290283,
      0.7335562109947205,
      0.746945858001709,
      0.7527050375938416,
      0.7499268054962158
    ],
    "client1_WT": [
      0.07841196656227112,
      0.6494265198707581,
      0.7963918447494507,
      0.8453808426856995,
      0.8671808838844299,
      0.8581165671348572,
      0.8827610611915588,
      0.8803703188896179,
      0.8658092617988586,
      0.833321750164032,
      0.8088882565498352,
      0.8649038076400757,
      0.8516815900802612,
      0.8778631091117859,
      0.9037253260612488,
      0.8247233629226685,
      0.8801884651184082,
      0.8918910622596741,
      0.8687192797660828,
      0.8964833617210388,
      0.8931034803390503
    ],
    "client1_TC": [
      0.04481359198689461,
      0.3997804522514343,
      0.6658471822738647,
      0.70309978723526,
      0.6762924194335938,
      0.6660415530204773,
      0.6904451251029968,
      0.6788521409034729,
      0.6726298332214355,
      0.6114029288291931,
      0.6535456776618958,
      0.6502969264984131,
      0.6184456944465637,
      0.6701741218566895,
      0.7293366193771362,
      0.6247597336769104,
      0.7081230282783508,
      0.651104748249054,
      0.7060824632644653,
      0.694790244102478,
      0.6865577101707458
    ],
    "client1_ET": [
      0.019106287509202957,
      0.4044199287891388,
      0.6278507113456726,
      0.6227366328239441,
      0.648250162601471,
      0.6530898809432983,
      0.656626284122467,
      0.6617645025253296,
      0.6579083204269409,
      0.6424664258956909,
      0.6580755114555359,
      0.6566798686981201,
      0.6375814080238342,
      0.6566935181617737,
      0.6686736941337585,
      0.6436557173728943,
      0.6701207160949707,
      0.6576728224754333,
      0.6660357713699341,
      0.6668415069580078,
      0.6701192259788513
    ],
    "global_meanDice": [
      0.040387388318777084,
      0.4767904281616211,
      0.7070739269256592,
      0.766448438167572,
      0.7782886624336243,
      0.7851309776306152,
      0.7901656031608582,
      0.7938694357872009,
      0.7851704955101013,
      0.7705831527709961,
      0.784035861492157,
      0.7857130169868469,
      0.7577304840087891,
      0.7838878631591797,
      0.8015111088752747,
      0.7607212066650391,
      0.8004007339477539,
      0.7793598771095276,
      0.7948287129402161,
      0.7970040440559387,
      0.7954235076904297
    ],
    "global_WT": [
      0.07115035504102707,
      0.6414821147918701,
      0.7994178533554077,
      0.8795167207717896,
      0.8849374651908875,
      0.8876859545707703,
      0.8904663324356079,
      0.8926137089729309,
      0.8861836791038513,
      0.884186327457428,
      0.8792501091957092,
      0.8929535746574402,
      0.8778133988380432,
      0.8825675249099731,
      0.8999908566474915,
      0.8661800026893616,
      0.8942906856536865,
      0.8935164213180542,
      0.8825165033340454,
      0.894010603427887,
      0.8887883424758911
    ],
    "global_TC": [
      0.03300575166940689,
      0.37919214367866516,
      0.6199255585670471,
      0.7294101715087891,
      0.7233652472496033,
      0.7370284199714661,
      0.7474451065063477,
      0.7499910593032837,
      0.735878586769104,
      0.7119444012641907,
      0.7412174344062805,
      0.7312430739402771,
      0.6918359994888306,
      0.7411287426948547,
      0.7626712322235107,
      0.7078365087509155,
      0.7612667679786682,
      0.7195410132408142,
      0.7631532549858093,
      0.7569227814674377,
      0.7518733739852905
    ],
    "global_ET": [
      0.017006060108542442,
      0.4096969962120056,
      0.7018782496452332,
      0.6904184222221375,
      0.7265633344650269,
      0.7306786179542542,
      0.7325853109359741,
      0.7390034198760986,
      0.7334492206573486,
      0.7156186699867249,
      0.7316399216651917,
      0.7329425811767578,
      0.7035418748855591,
      0.7279671430587769,
      0.7418714165687561,
      0.7081471681594849,
      0.7456448078155518,
      0.7250223755836487,
      0.7388164401054382,
      0.7400786876678467,
      0.7456088066101074
    ]
  },
  "final": {
    "client0_meanDice": 0.8189703822135925,
    "client0_best_meanDice": 0.824323832988739,
    "client1_meanDice": 0.7499268054962158,
    "client1_best_meanDice": 0.7672452330589294,
    "global_meanDice": 0.7954235076904297,
    "global_best_meanDice": 0.8015111088752747
  }
}