{
  "config": {
    "strategy": "fedavg",
    "mu": 0.0,
    "rounds": 30,
    "local_epochs": 5,
    "lr": 0.01,
    "batch_size": 10,
    "seed": 42,
    "partition_dir": "/home/bk489/federated/federated-thesis/data/partitions/brats2d_7030_et_skewed/client_data",
    "out_dir": "/home/bk489/federated/federated-thesis/results/federated/brats2d_7030_c0ET10/fedavg_mu0.0_R30_E5_20260128_103516"
  },
  "timing": {
    "total_seconds": 1386.5050389766693,
    "seconds_per_round": 46.216834632555646
  },
  "per_round": {
    "rounds": [
      0,
      1,
      2,
      3,
      4,
      5,
      6,
      7,
      8,
      9,
      10,
      11,
      12,
      13,
      14,
      15,
      16,
      17,
      18,
      19,
      20,
      21,
      22,
      23,
      24,
      25,
      26,
      27,
      28,
      29,
      30
    ],
    "client0_meanDice": [
      0.005804866552352905,
      0.07062853127717972,
      0.09297776222229004,
      0.10802333801984787,
      0.12409895658493042,
      0.1324278712272644,
      0.1455215960741043,
      0.16988904774188995,
      0.20385438203811646,
      0.2273981124162674,
      0.25735577940940857,
      0.2014141082763672,
      0.2880241572856903,
      0.2764261066913605,
      0.30003437399864197,
      0.3192911148071289,
      0.3537460267543793,
      0.38665255904197693,
      0.3974895477294922,
      0.40978071093559265,
      0.45739826560020447,
      0.44510793685913086,
      0.46621599793434143,
      0.5317937135696411,
      0.5398757457733154,
      0.5749109983444214,
      0.556735098361969,
      0.5609955191612244,
      0.5535057187080383,
      0.6038879156112671,
      0.507886528968811
    ],
    "client0_WT": [
      0.016358444467186928,
      0.13680291175842285,
      0.1812421977519989,
      0.20748963952064514,
      0.23753273487091064,
      0.24638459086418152,
      0.2667677402496338,
      0.3083546757698059,
      0.36020541191101074,
      0.4004099369049072,
      0.4358326196670532,
      0.3211827576160431,
      0.47459253668785095,
      0.43904030323028564,
      0.4620617628097534,
      0.5151103734970093,
      0.571601390838623,
      0.5931175351142883,
      0.590357780456543,
      0.6111131906509399,
      0.6386922597885132,
      0.6409515142440796,
      0.6533176898956299,
      0.6836484670639038,
      0.6307456493377686,
      0.6657214760780334,
      0.654737114906311,
      0.6979930400848389,
      0.6488444805145264,
      0.684281587600708,
      0.548313319683075
    ],
    "client0_TC": [
      0.001026816084049642,
      0.06288664788007736,
      0.08340486884117126,
      0.09951907396316528,
      0.11513128876686096,
      0.1283302754163742,
      0.14466089010238647,
      0.1714354306459427,
      0.21363124251365662,
      0.23901456594467163,
      0.2774338722229004,
      0.23738321661949158,
      0.3171526789665222,
      0.31582963466644287,
      0.33915960788726807,
      0.3428760766983032,
      0.37374743819236755,
      0.4285961985588074,
      0.43578875064849854,
      0.44228219985961914,
      0.47371041774749756,
      0.4701439440250397,
      0.5036792755126953,
      0.5298367738723755,
      0.5212968587875366,
      0.5541449189186096,
      0.5215654373168945,
      0.538821280002594,
      0.5282818078994751,
      0.5638035535812378,
      0.5254888534545898
    ],
    "client0_ET": [
      2.9338903914322145e-05,
      0.012196030467748642,
      0.014286212623119354,
      0.017061300575733185,
      0.019632838666439056,
      0.022568760439753532,
      0.025136170908808708,
      0.0298770684748888,
      0.03772647678852081,
      0.04276982694864273,
      0.05880078673362732,
      0.04567635804414749,
      0.07232725620269775,
      0.07440835237503052,
      0.09888170659542084,
      0.0998869240283966,
      0.11588919162750244,
      0.1382438689470291,
      0.16632212698459625,
      0.1759466677904129,
      0.2597920596599579,
      0.22422844171524048,
      0.24165107309818268,
      0.38189586997032166,
      0.4675846993923187,
      0.5048666000366211,
      0.4939028024673462,
      0.446172297000885,
      0.4833909273147583,
      0.5635786056518555,
      0.44985735416412354
    ],
    "client1_meanDice": [
      0.01060444861650467,
      0.07041848450899124,
      0.08919348567724228,
      0.10189149528741837,
      0.121358223259449,
      0.12857525050640106,
      0.13712386786937714,
      0.17153286933898926,
      0.21398591995239258,
      0.2646581828594208,
      0.27263343334198,
      0.19044233858585358,
      0.32769975066185,
      0.3315947949886322,
      0.42162561416625977,
      0.44635334610939026,
      0.5227457880973816,
      0.525888979434967,
      0.5464386940002441,
      0.5441096425056458,
      0.6101807355880737,
      0.6161685585975647,
      0.6751664280891418,
      0.6590830087661743,
      0.6161553859710693,
      0.6864771842956543,
      0.6889517307281494,
      0.7358524203300476,
      0.6810017228126526,
      0.6496922969818115,
      0.6705264449119568
    ],
    "client1_WT": [
      0.027532879263162613,
      0.11485974490642548,
      0.14866933226585388,
      0.17106783390045166,
      0.2070528268814087,
      0.21600323915481567,
      0.22856122255325317,
      0.2806580364704132,
      0.34009337425231934,
      0.4071662425994873,
      0.41619014739990234,
      0.27728480100631714,
      0.47334760427474976,
      0.4715211093425751,
      0.5566813945770264,
      0.5863707065582275,
      0.675312876701355,
      0.6580751538276672,
      0.6725662350654602,
      0.673602819442749,
      0.7391648292541504,
      0.7515425682067871,
      0.7744364738464355,
      0.7813472747802734,
      0.757147490978241,
      0.7972677946090698,
      0.7989991307258606,
      0.8124743103981018,
      0.795770525932312,
      0.8098253011703491,
      0.7038402557373047
    ],
    "client1_TC": [
      0.004210846498608589,
      0.06402003765106201,
      0.08342951536178589,
      0.09512156248092651,
      0.11162973940372467,
      0.11828620731830597,
      0.12717998027801514,
      0.16472411155700684,
      0.2190532088279724,
      0.2829211354255676,
      0.28148189187049866,
      0.20342645049095154,
      0.3521546721458435,
      0.3670305609703064,
      0.48493942618370056,
      0.50603187084198,
      0.586145281791687,
      0.5947152972221375,
      0.6174302101135254,
      0.6105707883834839,
      0.6687363982200623,
      0.66779625415802,
      0.7488644123077393,
      0.6973665356636047,
      0.6232565641403198,
      0.7280429601669312,
      0.7208267450332642,
      0.7786487936973572,
      0.7171640992164612,
      0.6320468783378601,
      0.741503119468689
    ],
    "client1_ET": [
      6.961845065234229e-05,
      0.03237567096948624,
      0.03548159822821617,
      0.03948508948087692,
      0.045392125844955444,
      0.05143633857369423,
      0.05563042312860489,
      0.06921645998954773,
      0.08281116187572479,
      0.10388720780611038,
      0.12022829055786133,
      0.09061579406261444,
      0.1575969159603119,
      0.15623274445533752,
      0.2232559621334076,
      0.24665746092796326,
      0.30677926540374756,
      0.32487648725509644,
      0.3493196368217468,
      0.3481552302837372,
      0.42264091968536377,
      0.4291667938232422,
      0.5021984577178955,
      0.49853530526161194,
      0.46806222200393677,
      0.5341209173202515,
      0.5470292568206787,
      0.6164339780807495,
      0.5300706028938293,
      0.5072047710418701,
      0.5662358999252319
    ],