{
  "config": {
    "strategy": "fedavg",
    "mu": 0.0,
    "rounds": 30,
    "local_epochs": 5,
    "lr": 0.001,
    "batch_size": 4,
    "seed": 42,
    "partition_dir": "/home/bk489/federated/federated-thesis/data/partitions/brats2d_7030_et_skewed/client_data",
    "out_dir": "/home/bk489/federated/federated-thesis/results/federated/brats2d_7030_c0ET10/fedavg_mu0.0_R30_E5_20260127_231540"
  },
  "timing": {
    "total_seconds": 2080.572773218155,
    "seconds_per_round": 69.35242577393849
  },
  "per_round": {
    "rounds": [
      0,
      1,
      2,
      3,
      4,
      5,
      6,
      7,
      8,
      9,
      10,
      11,
      12,
      13,
      14,
      15,
      16,
      17,
      18,
      19,
      20,
      21,
      22,
      23,
      24,
      25,
      26,
      27,
      28,
      29,
      30
    ],
    "client0_meanDice": [
      0.011967011727392673,
      0.10866188257932663,
      0.3528369665145874,
      0.3293760418891907,
      0.4685949385166168,
      0.4837295711040497,
      0.528494119644165,
      0.47843971848487854,
      0.5720604062080383,
      0.5172163248062134,
      0.5664315819740295,
      0.6037327647209167,
      0.5953689217567444,
      0.5824183821678162,
      0.5984886288642883,
      0.5897416472434998,
      0.5902309417724609,
      0.569434404373169,
      0.6238502860069275,
      0.5693367123603821,
      0.6115784049034119,
      0.5998983979225159,
      0.5617353320121765,
      0.5944097638130188,
      0.5897086262702942,
      0.5798470973968506,
      0.6276635527610779,
      0.5705462098121643,
      0.6162235140800476,
      0.614834725856781,
      0.631648063659668
    ],
    "client0_WT": [
      0.005312774796038866,
      0.20856456458568573,
      0.4759925901889801,
      0.43808215856552124,
      0.5623289346694946,
      0.6100652813911438,
      0.6110242605209351,
      0.6304298639297485,
      0.6996113061904907,
      0.617508590221405,
      0.7010404467582703,
      0.7343775033950806,
      0.7234035730361938,
      0.7045208215713501,
      0.723842203617096,
      0.7228420376777649,
      0.7479031085968018,
      0.7248419523239136,
      0.7763586044311523,
      0.7357827425003052,
      0.755267322063446,
      0.7309255599975586,
      0.7225328683853149,
      0.6977898478507996,
      0.7416588664054871,
      0.6951343417167664,
      0.7699529528617859,
      0.6757408380508423,
      0.7267459630966187,
      0.7597364187240601,
      0.7853835225105286
    ],
    "client0_TC": [
      0.025431841611862183,
      0.10221840441226959,
      0.39810889959335327,
      0.37746450304985046,
      0.5268615484237671,
      0.5029031038284302,
      0.5747967958450317,
      0.5011728405952454,
      0.6442579030990601,
      0.5208970904350281,
      0.6053752899169922,
      0.6652486324310303,
      0.6167293787002563,
      0.6284322738647461,
      0.6631162762641907,
      0.5917527079582214,
      0.5871471762657166,
      0.6089704036712646,
      0.6423127055168152,
      0.5436708927154541,
      0.6428982019424438,
      0.5906854867935181,
      0.540727436542511,
      0.62311190366745,
      0.5656558275222778,
      0.5748315453529358,
      0.6025561690330505,
      0.5818413496017456,
      0.5949804186820984,
      0.5882845520973206,
      0.5950680375099182
    ],
    "client0_ET": [
      0.005156418774276972,
      0.015202673152089119,
      0.18440939486026764,
      0.1725815087556839,
      0.3165944218635559,
      0.3382202386856079,
      0.3996613025665283,
      0.30371639132499695,
      0.37231194972991943,
      0.41324329376220703,
      0.3928789496421814,
      0.4115722179412842,
      0.44597387313842773,
      0.41430196166038513,
      0.4085073471069336,
      0.4546302855014801,
      0.43564242124557495,
      0.3744908571243286,
      0.4528794288635254,
      0.4285564422607422,
      0.43656983971595764,
      0.4780842661857605,
      0.42194563150405884,
      0.46232762932777405,
      0.4618113040924072,
      0.4695754051208496,
      0.5104815363883972,
      0.4540565609931946,
      0.5269442200660706,
      0.49648317694664,
      0.5144926309585571
    ],
    "client1_meanDice": [
      0.01828385517001152,
      0.08782177418470383,
      0.4692403972148895,
      0.4046238958835602,
      0.5408538579940796,
      0.6369713544845581,
      0.6551764607429504,
      0.656912624835968,
      0.7438200116157532,
      0.6752827763557434,
      0.7217743396759033,
      0.7960311770439148,
      0.765379011631012,
      0.7530859112739563,
      0.7214400172233582,
      0.7728388905525208,
      0.778418242931366,
      0.716843843460083,
      0.7893881797790527,
      0.7992069721221924,
      0.8275315761566162,
      0.8081309199333191,
      0.7359117865562439,
      0.7648442387580872,
      0.790687620639801,
      0.7817513942718506,
      0.8328227996826172,
      0.8056098818778992,
      0.8079174160957336,
      0.8306792378425598,
      0.8334820866584778
    ],
    "client1_WT": [
      0.011082171462476254,
      0.15917319059371948,
      0.5212498903274536,
      0.4523383378982544,
      0.5551014542579651,
      0.6463398933410645,
      0.6464403867721558,
      0.6915799975395203,
      0.7627102136611938,
      0.6683527231216431,
      0.7580731511116028,
      0.8344764113426208,
      0.8200950622558594,
      0.8046436309814453,
      0.7782152891159058,
      0.81402987241745,
      0.8314127922058105,
      0.7774666547775269,
      0.833889365196228,
      0.8380917310714722,
      0.8553998470306396,
      0.8021752834320068,
      0.7709184885025024,
      0.7854983806610107,
      0.8085702061653137,
      0.7938094735145569,
      0.8696051239967346,
      0.7901501655578613,
      0.8196674585342407,
      0.8215897083282471,
      0.8756710886955261
    ],
    "client1_TC": [
      0.021263470873236656,
      0.06711253523826599,
      0.4760594666004181,
      0.40695425868034363,
      0.5661484599113464,
      0.6699544787406921,
      0.7102780342102051,
      0.6833519339561462,
      0.8010955452919006,
      0.7143997550010681,
      0.7386409044265747,
      0.8266860842704773,
      0.7768325209617615,
      0.7702900171279907,
      0.7381799817085266,
      0.7961263656616211,
      0.7947618365287781,
      0.735030472278595,
      0.8180544972419739,
      0.8368239998817444,
      0.8651900887489319,
      0.8659842014312744,
      0.7555972337722778,
      0.8032211661338806,
      0.8386287093162537,
      0.8158450126647949,
      0.8568542003631592,
      0.8696776628494263,
      0.8495309948921204,
      0.8777146339416504,
      0.8574730157852173
    ],
    "client1_ET": [
      0.022505924105644226,
      0.03717958927154541,
      0.41041186451911926,
      0.35457903146743774,
      0.5013116598129272,
      0.594619631767273,
      0.6088109016418457,
      0.5958060622215271,
      0.667654275894165,
      0.6430960893630981,
      0.6686089038848877,
      0.7269308567047119,
      0.6992093920707703,
      0.6843242645263672,
      0.6479246020317078,
      0.7083603143692017,
      0.7090799808502197,
      0.6380342841148376,
      0.7162205576896667,
      0.7227051258087158,
      0.7620048522949219,
      0.7562333345413208,
      0.6812196373939514,
      0.7058131694793701,
      0.7248639464378357,
      0.7355998158454895,
      0.7720090746879578,
      0.7570016384124756,
      0.7545537352561951,
      0.7927334904670715,
      0.767302393913269
    ],