{
  "config": {
    "strategy": "fedprox",
    "mu": 0.0001,
    "rounds": 30,
    "local_epochs": 3,
    "lr": 0.001,
    "batch_size": 4,
    "seed": 42,
    "partition_dir": "/home/bk489/federated/federated-thesis/data/partitions/brats2d_one_slice_per_patient_clients",
    "out_dir": "/home/bk489/federated/federated-thesis/results/federated/clients_2_70_30/fedprox_mu0.0001_R30_E3_20260127_144849"
  },
  "timing": {
    "total_seconds": 1098.5331454277039,
    "seconds_per_round": 36.617771514256795
  },
  "per_round": {
    "rounds": [
      0,
      1,
      2,
      3,
      4,
      5,
      6,
      7,
      8,
      9,
      10,
      11,
      12,
      13,
      14,
      15,
      16,
      17,
      18,
      19,
      20,
      21,
      22,
      23,
      24,
      25,
      26,
      27,
      28,
      29,
      30
    ],
    "client0_meanDice": [
      0.010481808334589005,
      0.040182095021009445,
      0.1040169820189476,
      0.10122974961996078,
      0.3693018853664398,
      0.19951669871807098,
      0.3768455982208252,
      0.5104872584342957,
      0.6086543202400208,
      0.5272637009620667,
      0.6664590239524841,
      0.6183204054832458,
      0.6093471646308899,
      0.6938881874084473,
      0.5846192240715027,
      0.5717747807502747,
      0.6543248295783997,
      0.6382862329483032,
      0.7059118151664734,
      0.6281840205192566,
      0.6709983944892883,
      0.7248523831367493,
      0.6363908648490906,
      0.5902789831161499,
      0.6800166964530945,
      0.6837597489356995,
      0.744334876537323,
      0.7338416576385498,
      0.7479434013366699,
      0.7450098395347595,
      0.6167700290679932
    ],
    "client0_WT": [
      0.03136763721704483,
      0.07514338195323944,
      0.13493970036506653,
      0.09704475104808807,
      0.36170148849487305,
      0.14511705935001373,
      0.37803083658218384,
      0.4671688973903656,
      0.6234232783317566,
      0.5404848456382751,
      0.6937779188156128,
      0.6646089553833008,
      0.635111927986145,
      0.7390047311782837,
      0.6003578305244446,
      0.6315895318984985,
      0.6985915303230286,
      0.6028128266334534,
      0.7025874853134155,
      0.698648989200592,
      0.6938270926475525,
      0.7318596839904785,
      0.6784794926643372,
      0.6244384050369263,
      0.5677863955497742,
      0.6853834986686707,
      0.7729616761207581,
      0.7076572179794312,
      0.7431540489196777,
      0.7612631320953369,
      0.6360942125320435
    ],
    "client0_TC": [
      4.583349800668657e-05,
      0.02971276082098484,
      0.11098144203424454,
      0.10744492709636688,
      0.36269044876098633,
      0.21398961544036865,
      0.3840334713459015,
      0.5034717321395874,
      0.5761057138442993,
      0.4833564758300781,
      0.6004577279090881,
      0.5294865369796753,
      0.5495778322219849,
      0.6207442283630371,
      0.5599694848060608,
      0.5286552906036377,
      0.5949044823646545,
      0.6021407842636108,
      0.6692370772361755,
      0.6289843320846558,
      0.6489937901496887,
      0.7513366937637329,
      0.6320087313652039,
      0.5724514126777649,
      0.739188551902771,
      0.6511462926864624,
      0.739877462387085,
      0.7545045614242554,
      0.7456799745559692,
      0.739978015422821,
      0.6320216059684753
    ],
    "client0_ET": [
      3.1954470614437014e-05,
      0.015690136700868607,
      0.06612981110811234,
      0.0991995632648468,
      0.3835137188434601,
      0.23944345116615295,
      0.3684723973274231,
      0.5608211755752563,
      0.6264339685440063,
      0.5579497218132019,
      0.7051414251327515,
      0.6608656644821167,
      0.643351674079895,
      0.721915602684021,
      0.5935302972793579,
      0.555079460144043,
      0.6694784760475159,
      0.7099050283432007,
      0.7459107637405396,
      0.556918740272522,
      0.670174241065979,
      0.6913607120513916,
      0.5986842513084412,
      0.5739470720291138,
      0.7330752015113831,
      0.7147496342658997,
      0.7201656103134155,
      0.7393631935119629,
      0.7549961805343628,
      0.733788251876831,
      0.5821943283081055
    ],
    "client1_meanDice": [
      0.010384016670286655,
      0.04034322872757912,
      0.07080965489149094,
      0.04924066364765167,
      0.19588451087474823,
      0.059198956936597824,
      0.21123866736888885,
      0.3228762447834015,
      0.49305763840675354,
      0.4982944428920746,
      0.6005331873893738,
      0.558731734752655,
      0.5753104090690613,
      0.7089936137199402,
      0.3866748809814453,
      0.6420958638191223,
      0.6839383244514465,
      0.6738980412483215,
      0.6986867785453796,
      0.7046332955360413,
      0.691996157169342,
      0.6943451762199402,
      0.699184238910675,
      0.6521671414375305,
      0.667619526386261,
      0.640155553817749,
      0.7799943089485168,
      0.7672060132026672,
      0.7709851264953613,
      0.7806364893913269,
      0.7060132026672363
    ],
    "client1_WT": [
      0.031033392995595932,
      0.064766064286232,
      0.09045441448688507,
      0.07347369194030762,
      0.25870510935783386,
      0.08941444009542465,
      0.2764657139778137,
      0.34871572256088257,
      0.5333526134490967,
      0.5281131267547607,
      0.6718904972076416,
      0.6877623796463013,
      0.658594012260437,
      0.768997073173523,
      0.4823055863380432,
      0.6895958185195923,
      0.7275397181510925,
      0.626460075378418,
      0.7510305643081665,
      0.7457923889160156,
      0.7479944229125977,
      0.7456134557723999,
      0.7348577976226807,
      0.645789623260498,
      0.5638729929924011,
      0.7018840312957764,
      0.8200845718383789,
      0.7583599090576172,
      0.7901726365089417,
      0.8051392436027527,
      0.6979619860649109
    ],
    "client1_TC": [
      8.267971134046093e-05,
      0.03966720402240753,
      0.09280338883399963,
      0.05632444843649864,
      0.18870693445205688,
      0.049669940024614334,
      0.21379871666431427,
      0.30487334728240967,
      0.5067909955978394,
      0.5284363031387329,
      0.5795034170150757,
      0.5204517245292664,
      0.5504164695739746,
      0.7025424242019653,
      0.3376942276954651,
      0.6657967567443848,
      0.7209646701812744,
      0.7070834636688232,
      0.6683733463287354,
      0.7886805534362793,
      0.6925832033157349,
      0.726360559463501,
      0.7620163559913635,
      0.7356775403022766,
      0.7734030485153198,
      0.5988373160362244,
      0.8314430713653564,
      0.8083146810531616,
      0.8079473376274109,
      0.8337531089782715,
      0.786543607711792
    ],
    "client1_ET": [
      3.5976903745904565e-05,
      0.016596417874097824,
      0.0291711688041687,
      0.01792384870350361,
      0.14024145901203156,
      0.03851248323917389,
      0.14345157146453857,
      0.3150396943092346,
      0.439029335975647,
      0.4383339285850525,
      0.5502057075500488,
      0.46798115968704224,
      0.516920804977417,
      0.6554412841796875,
      0.34002476930618286,
      0.5708950161933899,
      0.6033104658126831,
      0.6881507039070129,
      0.6766564846038818,
      0.5794270038604736,
      0.6354109048843384,
      0.6110614538192749,
      0.6006786823272705,
      0.5750342607498169,
      0.665582537651062,
      0.6197452545166016,
      0.6884552240371704,
      0.7349436283111572,
      0.7148352861404419,
      0.703016996383667,
      0.6335340142250061
    ],