{
  "config": {
    "strategy": "fedavg",
    "mu": 0.0,
    "rounds": 30,
    "local_epochs": 3,
    "lr": 0.001,
    "batch_size": 4,
    "seed": 42,
    "partition_dir": "/home/bk489/federated/federated-thesis/data/partitions/brats2d_7030_ET10",
    "out_dir": "/home/bk489/federated/federated-thesis/results/federated/clients_2_70_30_ET10/fedavg_mu0.0_R30_E3_20260127_175533"
  },
  "timing": {
    "total_seconds": 891.5217926502228,
    "seconds_per_round": 29.71739308834076
  },
  "per_round": {
    "rounds": [
      0,
      1,
      2,
      3,
      4,
      5,
      6,
      7,
      8,
      9,
      10,
      11,
      12,
      13,
      14,
      15,
      16,
      17,
      18,
      19,
      20,
      21,
      22,
      23,
      24,
      25,
      26,
      27,
      28,
      29,
      30
    ],
    "client0_meanDice": [
      0.05415504053235054,
      0.0405179001390934,
      0.040494099259376526,
      0.27930641174316406,
      0.3411336839199066,
      0.45682260394096375,
      0.4536956548690796,
      0.5262640118598938,
      0.4083486795425415,
      0.5249683856964111,
      0.5501449704170227,
      0.5866816639900208,
      0.5234759449958801,
      0.522447407245636,
      0.5848714709281921,
      0.6167088150978088,
      0.5913475751876831,
      0.6052217483520508,
      0.6310710310935974,
      0.6083824038505554,
      0.6863858103752136,
      0.6422799825668335,
      0.6492227911949158,
      0.6640000939369202,
      0.6956401467323303,
      0.6565786004066467,
      0.6895176768302917,
      0.7034511566162109,
      0.6867157816886902,
      0.7208993434906006,
      0.7252872586250305
    ],
    "client0_WT": [
      0.10830698162317276,
      0.07833530008792877,
      0.07869730144739151,
      0.3842288553714752,
      0.37523990869522095,
      0.52988600730896,
      0.519284188747406,
      0.5853750109672546,
      0.4243529438972473,
      0.626639723777771,
      0.663685142993927,
      0.6660014986991882,
      0.6177001595497131,
      0.5989719033241272,
      0.6655274629592896,
      0.7018076181411743,
      0.6467607617378235,
      0.6286790370941162,
      0.6740843653678894,
      0.6408803462982178,
      0.7513166666030884,
      0.673412024974823,
      0.6856334805488586,
      0.6455692648887634,
      0.6875097751617432,
      0.643619179725647,
      0.7156579494476318,
      0.7070473432540894,
      0.7268640995025635,
      0.7396594285964966,
      0.7684062719345093
    ],
    "client0_TC": [
      0.031715236604213715,
      0.02796897292137146,
      0.026715407148003578,
      0.27308598160743713,
      0.35722458362579346,
      0.4256160855293274,
      0.425631046295166,
      0.4887920916080475,
      0.41696006059646606,
      0.459789901971817,
      0.4941697120666504,
      0.5111418962478638,
      0.46483176946640015,
      0.48930302262306213,
      0.5220509767532349,
      0.5583401322364807,
      0.5372202396392822,
      0.5677129626274109,
      0.5847190618515015,
      0.5750194191932678,
      0.6612476110458374,
      0.6084089279174805,
      0.5980955958366394,
      0.6450868844985962,
      0.6960485577583313,
      0.6397251486778259,
      0.654924213886261,
      0.7132712602615356,
      0.6714453101158142,
      0.7349974513053894,
      0.7017629742622375
    ],
    "client0_ET": [
      0.022442903369665146,
      0.015249425545334816,
      0.016069594770669937,
      0.18060436844825745,
      0.29093658924102783,
      0.4149657189846039,
      0.41617169976234436,
      0.5046248435974121,
      0.3837330639362335,
      0.48847562074661255,
      0.49258023500442505,
      0.582901656627655,
      0.4878959655761719,
      0.47906726598739624,
      0.5670360326766968,
      0.5899785757064819,
      0.5900617837905884,
      0.6192731261253357,
      0.6344096660614014,
      0.6092475056648254,
      0.6465932130813599,
      0.6450189352035522,
      0.6639391779899597,
      0.7013441324234009,
      0.703362226486206,
      0.6863915324211121,
      0.6979708075523376,
      0.6900349855422974,
      0.6618378758430481,
      0.6880412697792053,
      0.7056924700737
    ],
    "client1_meanDice": [
      0.0513264499604702,
      0.039209846407175064,
      0.04007537662982941,
      0.18065164983272552,
      0.1646685153245926,
      0.34535518288612366,
      0.3480541706085205,
      0.3587431013584137,
      0.21187670528888702,
      0.4877772331237793,
      0.6027408242225647,
      0.5463166832923889,
      0.4507576525211334,
      0.47109222412109375,
      0.5791349411010742,
      0.6812828183174133,
      0.5719067454338074,
      0.5868291258811951,
      0.6589365601539612,
      0.6792950630187988,
      0.762840986251831,
      0.7382833957672119,
      0.6886575818061829,
      0.6575111150741577,
      0.722564697265625,
      0.7083220481872559,
      0.7988855242729187,
      0.7787482738494873,
      0.7922158241271973,
      0.7708709836006165,
      0.8143863677978516
    ],
    "client1_WT": [
      0.08889181911945343,
      0.06544788926839828,
      0.0678257942199707,
      0.24630652368068695,
      0.20291480422019958,
      0.44670140743255615,
      0.45555728673934937,
      0.5578368306159973,
      0.26505398750305176,
      0.6560444831848145,
      0.7149066925048828,
      0.6665161848068237,
      0.6145435571670532,
      0.5769908428192139,
      0.6954936385154724,
      0.7636907696723938,
      0.708143949508667,
      0.7134724259376526,
      0.7511714696884155,
      0.721224844455719,
      0.8423726558685303,
      0.7615797519683838,
      0.7283772230148315,
      0.6987398862838745,
      0.7632577419281006,
      0.7456699013710022,
      0.8204150199890137,
      0.8200459480285645,
      0.8253712058067322,
      0.7971306443214417,
      0.8541680574417114
    ],
    "client1_TC": [
      0.04111897945404053,
      0.03565727174282074,
      0.03678043186664581,
      0.1980007141828537,
      0.18506449460983276,
      0.32836204767227173,
      0.3359587788581848,
      0.2917080521583557,
      0.22155289351940155,
      0.43643292784690857,
      0.5974951386451721,
      0.500687301158905,
      0.4084879159927368,
      0.4471530318260193,
      0.5603094100952148,
      0.6823397278785706,
      0.5219091176986694,
      0.5304752588272095,
      0.6584032773971558,
      0.7098917961120605,
      0.8075063228607178,
      0.7742406129837036,
      0.6771520376205444,
      0.6371416449546814,
      0.7541124224662781,
      0.7339112758636475,
      0.849596381187439,
      0.8318778276443481,
      0.8589940667152405,
      0.8405412435531616,
      0.8761990070343018
    ],
    "client1_ET": [
      0.02396855130791664,
      0.01652437448501587,
      0.015619903802871704,
      0.09764770418405533,
      0.10602622479200363,
      0.2610021233558655,
      0.25264647603034973,
      0.22668446600437164,
      0.14902321994304657,
      0.3708542585372925,
      0.4958207607269287,
      0.47174662351608276,
      0.3292415142059326,
      0.3891327977180481,
      0.48160165548324585,
      0.59781813621521,
      0.48566707968711853,
      0.5165395736694336,
      0.5672350525856018,
      0.6067686080932617,
      0.6386439800262451,
      0.6790297627449036,
      0.6604434251785278,
      0.636651873588562,
      0.6503238081932068,
      0.6453851461410522,
      0.7266449928283691,
      0.6843210458755493,
      0.6922820806503296,
      0.6749410629272461,
      0.712792158126831
    ],