{
  "config": {
    "strategy": "fedprox",
    "mu": 0.01,
    "num_clients": 4,
    "rounds": 30,
    "local_epochs": 5,
    "lr": 0.01,
    "batch_size": 8,
    "seed": 42,
    "partition_dir": "/home/bk489/federated/federated-thesis/data/partitions/brats2d_4client_quartile/client_data",
    "out_dir": "/home/bk489/federated/federated-thesis/results/federated/brats2d_4client_quartile/fedprox_mu0.01_R30_E5_20260128_213820"
  },
  "timing": {
    "total_seconds": 1388.635817527771,
    "seconds_per_round": 46.287860584259036
  },
  "per_round": {
    "rounds": [
      0,
      1,
      2,
      3,
      4,
      5,
      6,
      7,
      8,
      9,
      10,
      11,
      12,
      13,
      14,
      15,
      16,
      17,
      18,
      19,
      20,
      21,
      22,
      23,
      24,
      25,
      26,
      27,
      28,
      29,
      30
    ],
    "client0_meanDice": [
      0.03015798330307007,
      0.05258740857243538,
      0.05062618479132652,
      0.04583434760570526,
      0.03897474333643913,
      0.045133475214242935,
      0.055970896035432816,
      0.05588788911700249,
      0.05079733207821846,
      0.05150381848216057,
      0.08558390289545059,
      0.09165479987859726,
      0.11393937468528748,
      0.1334231048822403,
      0.13645082712173462,
      0.15236705541610718,
      0.15238963067531586,
      0.18064336478710175,
      0.2076903134584427,
      0.1503472626209259,
      0.2511870563030243,
      0.2442336082458496,
      0.24794423580169678,
      0.2642763555049896,
      0.267345666885376,
      0.31889045238494873,
      0.2788741886615753,
      0.29696619510650635,
      0.2872202694416046,
      0.3493633568286896,
      0.2973892092704773
    ],
    "client0_WT": [
      0.02386082150042057,
      0.11254486441612244,
      0.11135176569223404,
      0.10278164595365524,
      0.08780597150325775,
      0.10342437773942947,
      0.12898248434066772,
      0.12679578363895416,
      0.11367516219615936,
      0.11124399304389954,
      0.18191638588905334,
      0.1878996044397354,
      0.23255503177642822,
      0.26922255754470825,
      0.2759418785572052,
      0.29498106241226196,
      0.2885281443595886,
      0.35093820095062256,
      0.381590873003006,
      0.2636432647705078,
      0.4449814260005951,
      0.42542916536331177,
      0.4103369116783142,
      0.42168742418289185,
      0.46526405215263367,
      0.4911434054374695,
      0.4796726405620575,
      0.44269829988479614,
      0.4197617769241333,
      0.506921112537384,
      0.49780115485191345
    ],
    "client0_TC": [
      0.06439438462257385,
      0.04386265575885773,
      0.03929125517606735,
      0.033595647662878036,
      0.028084196150302887,
      0.030896097421646118,
      0.03772060573101044,
      0.039592668414115906,
      0.03753893822431564,
      0.041985563933849335,
      0.07284678518772125,
      0.08461672067642212,
      0.10589845478534698,
      0.1274401992559433,
      0.12940062582492828,
      0.15729960799217224,
      0.16366754472255707,
      0.1852489709854126,
      0.23432670533657074,
      0.18101444840431213,
      0.298520565032959,
      0.2972615957260132,
      0.3223505914211273,
      0.3591274619102478,
      0.32480958104133606,
      0.446288526058197,
      0.34301552176475525,
      0.4265263080596924,
      0.4168834984302521,
      0.5136297941207886,
      0.37761810421943665
    ],
    "client0_ET": [
      0.002218749141320586,
      0.0013547035632655025,
      0.0012355324579402804,
      0.0011257561855018139,
      0.0010340602602809668,
      0.0010799666633829474,
      0.0012096044374629855,
      0.0012752169277518988,
      0.001177911413833499,
      0.0012818841496482491,
      0.001988532952964306,
      0.00244806706905365,
      0.003364644944667816,
      0.0036065492313355207,
      0.004009975120425224,
      0.0048204828053712845,
      0.004973173141479492,
      0.005742916837334633,
      0.00715339370071888,
      0.006384070962667465,
      0.010059141553938389,
      0.010010069236159325,
      0.011145247146487236,
      0.01201414130628109,
      0.011963346973061562,
      0.019239410758018494,
      0.013934414833784103,
      0.02167394943535328,
      0.025015581399202347,
      0.027539124712347984,
      0.016748370602726936
    ],
    "client1_meanDice": [
      0.04670582339167595,
      0.054984819144010544,
      0.05696922168135643,
      0.054481539875268936,
      0.04842781648039818,
      0.05623864009976387,
      0.06849868595600128,
      0.07082051783800125,
      0.06853543221950531,
      0.0696909949183464,
      0.09782441705465317,
      0.10412097722291946,
      0.11812736839056015,
      0.14013367891311646,
      0.13825176656246185,
      0.15579454600811005,
      0.15000420808792114,
      0.1638471633195877,
      0.1998155117034912,
      0.15734966099262238,
      0.23532478511333466,
      0.22488045692443848,
      0.25538140535354614,
      0.25912177562713623,
      0.24021105468273163,
      0.25115612149238586,
      0.26345816254615784,
      0.2940424382686615,
      0.27346277236938477,
      0.34557709097862244,
      0.29928556084632874
    ],
    "client1_WT": [
      0.07174168527126312,
      0.11306732892990112,
      0.12086569517850876,
      0.1167139858007431,
      0.10244625061750412,
      0.12083414196968079,
      0.14840327203273773,
      0.15362167358398438,
      0.14689402282238007,
      0.14798517525196075,
      0.20866982638835907,
      0.2232808619737625,
      0.2514764964580536,
      0.29014110565185547,
      0.29002222418785095,
      0.3184390068054199,
      0.30973806977272034,
      0.33155182003974915,
      0.40302574634552,
      0.3132365942001343,
      0.45805659890174866,
      0.4457629919052124,
      0.4656750559806824,
      0.4811888337135315,
      0.4348108470439911,
      0.48092350363731384,
      0.48110681772232056,
      0.5230614542961121,
      0.49474194645881653,
      0.584428071975708,
      0.5339691638946533
    ],
    "client1_TC": [
      0.04448959231376648,
      0.034397948533296585,
      0.032205261290073395,
      0.02927960455417633,
      0.026035092771053314,
      0.028768133372068405,
      0.03438373655080795,
      0.035184964537620544,
      0.03494107350707054,
      0.036005038768053055,
      0.05226930230855942,
      0.05474775284528732,
      0.06237342953681946,
      0.08188377320766449,
      0.07719672471284866,
      0.09388816356658936,
      0.08508127927780151,
      0.09649714082479477,
      0.12159095704555511,
      0.0921439677476883,
      0.15520040690898895,
      0.13896119594573975,
      0.19047896564006805,
      0.1808529943227768,
      0.16795548796653748,
      0.16212935745716095,
      0.18319660425186157,
      0.2065032422542572,
      0.18277207016944885,
      0.25967147946357727,
      0.2131279706954956
    ],
    "client1_ET": [
      0.02388618513941765,
      0.017489179968833923,
      0.017836708575487137,
      0.017451027408242226,
      0.016802102327346802,
      0.019113648682832718,
      0.022709056735038757,
      0.023654915392398834,
      0.023771192878484726,
      0.02508276142179966,
      0.03253413736820221,
      0.03433432802557945,
      0.04053215682506561,
      0.04837615415453911,
      0.04753633588552475,
      0.05505644902586937,
      0.05519328638911247,
      0.06349252164363861,
      0.07482978701591492,
      0.06666845828294754,
      0.09271734207868576,
      0.08991720527410507,
      0.1099902018904686,
      0.11532346904277802,
      0.11786682158708572,
      0.11041545122861862,
      0.12607111036777496,
      0.15256264805793762,
      0.14287428557872772,
      0.19263170659542084,
      0.1507595032453537
    ],