{
  "config": {
    "strategy": "fedavg",
    "mu": 0.0,
    "rounds": 10,
    "local_epochs": 3,
    "lr": 0.001,
    "batch_size": 32,
    "seed": 42,
    "partition_dir": "/home/bk489/federated/federated-thesis/data/partitions/federated_clients_2_70_30/client_data",
    "out_dir": "/home/bk489/federated/federated-thesis/results/federated/clients_2_70_30/fedavg_mu0.0_R10_E3_20260126_222342"
  },
  "timing": {
    "total_seconds": 1755.9001457691193,
    "seconds_per_round": 175.59001457691193
  },
  "per_round": {
    "rounds": [
      0,
      1,
      2,
      3,
      4,
      5,
      6,
      7,
      8,
      9,
      10
    ],
    "client0_meanDice": [
      0.03757236525416374,
      0.20494018495082855,
      0.6525211334228516,
      0.8582435250282288,
      0.9078511595726013,
      0.9003705382347107,
      0.9002634882926941,
      0.9039886593818665,
      0.9112527370452881,
      0.9063407778739929,
      0.9148642420768738
    ],
    "client0_WT": [
      0.0687328353524208,
      0.35668161511421204,
      0.7858707308769226,
      0.8972285389900208,
      0.923369824886322,
      0.901397168636322,
      0.9185511469841003,
      0.9172174334526062,
      0.9340147972106934,
      0.923777163028717,
      0.93226557970047
    ],
    "client0_TC": [
      0.027870148420333862,
      0.1587817668914795,
      0.5499456524848938,
      0.8485006093978882,
      0.9178003668785095,
      0.9081202745437622,
      0.9110239744186401,
      0.9013273119926453,
      0.9115843176841736,
      0.905180037021637,
      0.925025999546051
    ],
    "client0_ET": [
      0.016114111989736557,
      0.09935719519853592,
      0.6217470169067383,
      0.8290013670921326,
      0.8823831677436829,
      0.8915942311286926,
      0.871215283870697,
      0.8934212923049927,
      0.8881590962409973,
      0.8900650143623352,
      0.8873011469841003
    ],
    "client1_meanDice": [
      0.04900364577770233,
      0.2477223128080368,
      0.688789427280426,
      0.8264613747596741,
      0.8419138789176941,
      0.8641834855079651,
      0.8647880554199219,
      0.8884528279304504,
      0.8895542025566101,
      0.8817195296287537,
      0.8759253621101379
    ],
    "client1_WT": [
      0.07978540658950806,
      0.38984599709510803,
      0.8121334910392761,
      0.909953773021698,
      0.9176170825958252,
      0.9166246056556702,
      0.9241641163825989,
      0.9243847727775574,
      0.9338887333869934,
      0.9264056086540222,
      0.9342918992042542
    ],
    "client1_TC": [
      0.046879928559064865,
      0.23549248278141022,
      0.6423544883728027,
      0.8209522366523743,
      0.7893317341804504,
      0.8293206095695496,
      0.8421265482902527,
      0.876632034778595,
      0.8655905723571777,
      0.8646869659423828,
      0.8348119258880615
    ],
    "client1_ET": [
      0.020345598459243774,
      0.11782839894294739,
      0.6118803024291992,
      0.74847811460495,
      0.8187928795814514,
      0.8466053009033203,
      0.8280735611915588,
      0.8643417358398438,
      0.869183361530304,
      0.8540659546852112,
      0.8586723208427429
    ],
    "global_meanDice": [
      0.0417843721807003,
      0.22095145285129547,
      0.6621932983398438,
      0.8307103514671326,
      0.8703927397727966,
      0.8745894432067871,
      0.880077600479126,
      0.8912500739097595,
      0.8966270089149475,
      0.8861160278320312,
      0.8887959122657776
    ],
    "global_WT": [
      0.0732700452208519,
      0.37149864435195923,
      0.7961881160736084,
      0.8998963236808777,
      0.9208361506462097,
      0.9052573442459106,
      0.9197202920913696,
      0.9185658693313599,
      0.9321994781494141,
      0.9233872294425964,
      0.9310205578804016
    ],
    "global_TC": [
      0.03515077382326126,
      0.18896910548210144,
      0.5890240669250488,
      0.8244071006774902,
      0.8544403910636902,
      0.8624665141105652,
      0.8700770139694214,
      0.882189929485321,
      0.8816331624984741,
      0.8740849494934082,
      0.8714083433151245
    ],
    "global_ET": [
      0.016932295635342598,
      0.10238666832447052,
      0.6013676524162292,
      0.7678275108337402,
      0.8359015583992004,
      0.8560446500778198,
      0.8504354357719421,
      0.8729944229125977,
      0.8760483860969543,
      0.8608759045600891,
      0.8639588356018066
    ]
  },
  "final": {
    "client0_meanDice": 0.9148642420768738,
    "client0_best_meanDice": 0.9148642420768738,
    "client1_meanDice": 0.8759253621101379,
    "client1_best_meanDice": 0.8895542025566101,
    "global_meanDice": 0.8887959122657776,
    "global_best_meanDice": 0.8966270089149475
  }
}