{
  "config": {
    "strategy": "fedavg",
    "mu": 0.0,
    "rounds": 10,
    "local_epochs": 1,
    "lr": 0.001,
    "batch_size": 4,
    "seed": 42,
    "partition_dir": "/home/bk489/federated/federated-thesis/data/partitions/brats2d_one_slice_per_patient_clients",
    "out_dir": "/home/bk489/federated/federated-thesis/results/federated/clients_2_70_30/fedavg_mu0.0_R10_E1_20260127_115514"
  },
  "timing": {
    "total_seconds": 206.1400167942047,
    "seconds_per_round": 20.614001679420472
  },
  "per_round": {
    "rounds": [
      0,
      1,
      2,
      3,
      4,
      5,
      6,
      7,
      8,
      9,
      10
    ],
    "client0_meanDice": [
      0.0436394065618515,
      0.042450200766325,
      0.04696182906627655,
      0.046646326780319214,
      0.06594467908143997,
      0.1154957190155983,
      0.036097560077905655,
      0.04617241024971008,
      0.24649874866008759,
      0.18949727714061737,
      0.371913343667984
    ],
    "client0_WT": [
      0.10211300849914551,
      0.08125896006822586,
      0.08748054504394531,
      0.09133639186620712,
      0.11579036712646484,
      0.2112503945827484,
      0.06434421241283417,
      0.05449359863996506,
      0.28274255990982056,
      0.18277952075004578,
      0.3913784623146057
    ],
    "client0_TC": [
      0.011913458816707134,
      0.031381286680698395,
      0.03434751182794571,
      0.03145068883895874,
      0.05067483335733414,
      0.08832071721553802,
      0.02653842605650425,
      0.04112059995532036,
      0.22224171459674835,
      0.19402632117271423,
      0.34754177927970886
    ],
    "client0_ET": [
      0.016891753301024437,
      0.01471035648137331,
      0.01905743032693863,
      0.01715189963579178,
      0.031368836760520935,
      0.04691607877612114,
      0.017410045489668846,
      0.04290303587913513,
      0.23451200127601624,
      0.1916859894990921,
      0.37681978940963745
    ],
    "client1_meanDice": [
      0.03949223831295967,
      0.041452523320913315,
      0.044903408735990524,
      0.04392195865511894,
      0.05438357591629028,
      0.08440036326646805,
      0.045137036591768265,
      0.04627063497900963,
      0.18588118255138397,
      0.11178634315729141,
      0.22730720043182373
    ],
    "client1_WT": [
      0.08449937403202057,
      0.06803765892982483,
      0.07270282506942749,
      0.07351037114858627,
      0.08482634276151657,
      0.13376004993915558,
      0.06737948954105377,
      0.06506043672561646,
      0.23495729267597198,
      0.13911527395248413,
      0.3078952431678772
    ],
    "client1_TC": [
      0.01485825702548027,
      0.04057372361421585,
      0.0429823212325573,
      0.040431808680295944,
      0.05332517623901367,
      0.08561436831951141,
      0.05023861303925514,
      0.05215095356106758,
      0.18537338078022003,
      0.12607291340827942,
      0.1963382065296173
    ],
    "client1_ET": [
      0.019119080156087875,
      0.015746183693408966,
      0.019025074318051338,
      0.01782369054853916,
      0.02499919943511486,
      0.033826667815446854,
      0.017793022096157074,
      0.0216005127876997,
      0.1373128890991211,
      0.07017084211111069,
      0.17768815159797668
    ],
    "global_meanDice": [
      0.04245449975132942,
      0.04216514900326729,
      0.04637371003627777,
      0.045867934823036194,
      0.06264150887727737,
      0.10661134123802185,
      0.038680266588926315,
      0.0462004728615284,
      0.22917944192886353,
      0.16729415953159332,
      0.33059731125831604
    ],
    "global_WT": [
      0.0970805361866951,
      0.07748144865036011,
      0.08325833827257156,
      0.08624324947595596,
      0.10694350302219391,
      0.18911029398441315,
      0.06521143019199371,
      0.05751269310712814,
      0.26908960938453674,
      0.17030401527881622,
      0.3675260841846466
    ],
    "global_TC": [
      0.012754829600453377,
      0.03400769829750061,
      0.036814603954553604,
      0.034016720950603485,
      0.05143207684159279,
      0.08754747360944748,
      0.03330990672111511,
      0.044272128492593765,
      0.21170790493488312,
      0.17461106181144714,
      0.30434077978134155
    ],
    "global_ET": [
      0.01752813346683979,
      0.01500630658119917,
      0.019048184156417847,
      0.01734383963048458,
      0.02954893931746483,
      0.04317625239491463,
      0.017519468441605568,
      0.03681660071015358,
      0.20674081146717072,
      0.1569673866033554,
      0.3199250400066376
    ]
  },
  "final": {
    "client0_meanDice": 0.371913343667984,
    "client0_best_meanDice": 0.371913343667984,
    "client1_meanDice": 0.22730720043182373,
    "client1_best_meanDice": 0.22730720043182373,
    "global_meanDice": 0.33059731125831604,
    "global_best_meanDice": 0.33059731125831604
  }
}