{
  "config": {
    "strategy": "fedavg",
    "mu": 0.0,
    "rounds": 20,
    "local_epochs": 1,
    "lr": 0.001,
    "batch_size": 4,
    "seed": 42,
    "partition_dir": "/home/bk489/federated/federated-thesis/data/partitions/federated_clients_2_70_30/client_data",
    "out_dir": "/home/bk489/federated/federated-thesis/results/federated/clients_2_70_30/fedavg_mu0.0_R20_E1_20260126_155034"
  },
  "timing": {
    "total_seconds": 3111.6889820098877,
    "seconds_per_round": 155.5844491004944
  },
  "per_round": {
    "rounds": [
      0,
      1,
      2,
      3,
      4,
      5,
      6,
      7,
      8,
      9,
      10,
      11,
      12,
      13,
      14,
      15,
      16,
      17,
      18,
      19,
      20
    ],
    "client0_meanDice": [
      0.03779653087258339,
      0.524589478969574,
      0.7890365123748779,
      0.7926883697509766,
      0.8072882294654846,
      0.7789785861968994,
      0.8115592002868652,
      0.8044916987419128,
      0.8183003067970276,
      0.8290371894836426,
      0.8178780674934387,
      0.8330195546150208,
      0.8154667019844055,
      0.8309035897254944,
      0.803250789642334,
      0.8301389813423157,
      0.8346550464630127,
      0.8160734176635742,
      0.8289880752563477,
      0.8235194087028503,
      0.8448346257209778
    ],
    "client0_WT": [
      0.0692034512758255,
      0.6619549989700317,
      0.8869306445121765,
      0.885074257850647,
      0.90043705701828,
      0.8833494186401367,
      0.9057167768478394,
      0.8983545899391174,
      0.899956464767456,
      0.9063557982444763,
      0.8988211154937744,
      0.9109785556793213,
      0.8907189965248108,
      0.90139240026474,
      0.8888590931892395,
      0.9067073464393616,
      0.9073649048805237,
      0.8946912288665771,
      0.8949078321456909,
      0.8983921408653259,
      0.9110438227653503
    ],
    "client0_TC": [
      0.028230562806129456,
      0.3990081548690796,
      0.740163266658783,
      0.7371562719345093,
      0.7515682578086853,
      0.7324795722961426,
      0.7671613097190857,
      0.7774618864059448,
      0.7937883138656616,
      0.8031017184257507,
      0.7986355423927307,
      0.8175528049468994,
      0.8028321862220764,
      0.8220216035842896,
      0.7816439867019653,
      0.8168847560882568,
      0.8244782090187073,
      0.8054049611091614,
      0.8209360837936401,
      0.8124606013298035,
      0.8343400955200195
    ],
    "client0_ET": [
      0.015955576673150063,
      0.5128052830696106,
      0.7400156855583191,
      0.7558346390724182,
      0.7698593735694885,
      0.721106767654419,
      0.7617994546890259,
      0.7376585006713867,
      0.7611562013626099,
      0.7776541113853455,
      0.7561776638031006,
      0.7705273628234863,
      0.7528488636016846,
      0.7692968845367432,
      0.7392491102218628,
      0.7668250203132629,
      0.7721220850944519,
      0.7481241822242737,
      0.7711203098297119,
      0.7597053647041321,
      0.789120078086853
    ],
    "client1_meanDice": [
      0.04810686409473419,
      0.5156776309013367,
      0.7247722744941711,
      0.7416309714317322,
      0.7619064450263977,
      0.7199732661247253,
      0.7187281250953674,
      0.7517116069793701,
      0.7653138041496277,
      0.7707486152648926,
      0.747964084148407,
      0.7684504389762878,
      0.7396950125694275,
      0.7656009793281555,
      0.7758750915527344,
      0.7638390064239502,
      0.7676485180854797,
      0.7533496022224426,
      0.7833541035652161,
      0.7717905044555664,
      0.7824638485908508
    ],
    "client1_WT": [
      0.0794178918004036,
      0.6387370824813843,
      0.8821561932563782,
      0.8924006819725037,
      0.9036844372749329,
      0.842974841594696,
      0.8302067518234253,
      0.8955565690994263,
      0.9071906805038452,
      0.9012693166732788,
      0.8615012764930725,
      0.9061554670333862,
      0.8643941283226013,
      0.9026889801025391,
      0.9091240167617798,
      0.9117696285247803,
      0.9109503030776978,
      0.893022894859314,
      0.9075491428375244,
      0.9147229194641113,
      0.9130630493164062
    ],
    "client1_TC": [
      0.045710790902376175,
      0.4290570318698883,
      0.6695546507835388,
      0.6858797669410706,
      0.7198176383972168,
      0.6713140606880188,
      0.6605303883552551,
      0.706935703754425,
      0.7220325469970703,
      0.7407327890396118,
      0.7177303433418274,
      0.7323668003082275,
      0.6872706413269043,
      0.7276151180267334,
      0.7476967573165894,
      0.7077075839042664,
      0.7205436825752258,
      0.704502522945404,
      0.7602585554122925,
      0.7297096848487854,
      0.7552932500839233
    ],
    "client1_ET": [
      0.01919190213084221,
      0.4792388379573822,
      0.622606098651886,
      0.6466123461723328,
      0.6622174978256226,
      0.6456307768821716,
      0.6654472351074219,
      0.6526424884796143,
      0.6667181253433228,
      0.6702438592910767,
      0.6646605134010315,
      0.666828989982605,
      0.6674200892448425,
      0.6664987802505493,
      0.6708044409751892,
      0.672039806842804,
      0.6714516282081604,
      0.662523627281189,
      0.6822547912597656,
      0.6709390878677368,
      0.6790353655815125
    ],
    "global_meanDice": [
      0.04094363749027252,
      0.5232945084571838,
      0.7658998966217041,
      0.7734758257865906,
      0.7898302674293518,
      0.7655654549598694,
      0.779613196849823,
      0.7879495620727539,
      0.8015017509460449,
      0.8081795573234558,
      0.7987900376319885,
      0.8115693926811218,
      0.7937586903572083,
      0.8086254596710205,
      0.7971609234809875,
      0.8089525103569031,
      0.8121622204780579,
      0.7981746792793274,
      0.8130233287811279,
      0.8068335652351379,
      0.823042094707489
    ],
    "global_WT": [
      0.0721641555428505,
      0.6571229100227356,
      0.8854265213012695,
      0.8869564533233643,
      0.901411771774292,
      0.8740014433860779,
      0.8852689862251282,
      0.8978311419487,
      0.9019336700439453,
      0.9049385786056519,
      0.889434278011322,
      0.9096301198005676,
      0.8846324682235718,
      0.9013883471488953,
      0.8950169086456299,
      0.9079456329345703,
      0.9080893993377686,
      0.8938913941383362,
      0.8982172608375549,
      0.9027758836746216,
      0.9115057587623596
    ],
    "global_TC": [
      0.03355009853839874,
      0.4088214039802551,
      0.7120527029037476,
      0.7142196893692017,
      0.7349318265914917,
      0.7173691987991333,
      0.7291871309280396,
      0.7529807090759277,
      0.7687376141548157,
      0.7771390080451965,
      0.7749409675598145,
      0.7874584794044495,
      0.7678772211074829,
      0.7886767983436584,
      0.7739933133125305,
      0.7823337316513062,
      0.7890152931213379,
      0.7758170366287231,
      0.7988153100013733,
      0.7869524955749512,
      0.8051641583442688
    ],
    "global_ET": [
      0.01711665838956833,
      0.5039393305778503,
      0.7002204060554504,
      0.7192512154579163,
      0.7331473231315613,
      0.7053258419036865,
      0.7243834137916565,
      0.713036835193634,
      0.7338340878486633,
      0.7424610257148743,
      0.7319948673248291,
      0.7376194000244141,
      0.7287665605545044,
      0.7358112335205078,
      0.722472608089447,
      0.7365779876708984,
      0.7393820881843567,
      0.7248157262802124,
      0.7420374155044556,
      0.7307724356651306,
      0.7524562478065491
    ]
  },
  "final": {
    "client0_meanDice": 0.8448346257209778,
    "client0_best_meanDice": 0.8448346257209778,
    "client1_meanDice": 0.7824638485908508,
    "client1_best_meanDice": 0.7833541035652161,
    "global_meanDice": 0.823042094707489,
    "global_best_meanDice": 0.823042094707489
  }
}