{
  "config": {
    "strategy": "fedavg",
    "mu": 0.0,
    "rounds": 30,
    "local_epochs": 3,
    "lr": 0.001,
    "batch_size": 4,
    "seed": 42,
    "partition_dir": "/home/bk489/federated/federated-thesis/data/partitions/brats2d_7030_c0ET10",
    "out_dir": "/home/bk489/federated/federated-thesis/results/federated/brats2d_7030_c0ET10/fedavg_mu0.0_R30_E3_20260127_192205"
  },
  "timing": {
    "total_seconds": 1383.8375477790833,
    "seconds_per_round": 46.127918259302774
  },
  "per_round": {
    "rounds": [
      0,
      1,
      2,
      3,
      4,
      5,
      6,
      7,
      8,
      9,
      10,
      11,
      12,
      13,
      14,
      15,
      16,
      17,
      18,
      19,
      20,
      21,
      22,
      23,
      24,
      25,
      26,
      27,
      28,
      29,
      30
    ],
    "client0_meanDice": [
      0.03758174180984497,
      0.04692040756344795,
      0.04276366904377937,
      0.08329535275697708,
      0.35572782158851624,
      0.36981043219566345,
      0.4809151887893677,
      0.44688913226127625,
      0.4733637869358063,
      0.34226903319358826,
      0.34739038348197937,
      0.42922115325927734,
      0.523124098777771,
      0.5267063975334167,
      0.6100161075592041,
      0.5867730379104614,
      0.5260101556777954,
      0.4579998254776001,
      0.5322843194007874,
      0.5100837349891663,
      0.6866939067840576,
      0.6980328559875488,
      0.5339243412017822,
      0.3809218108654022,
      0.6841238141059875,
      0.7388389110565186,
      0.6163185238838196,
      0.7137187123298645,
      0.6639897227287292,
      0.682701587677002,
      0.7189145088195801
    ],
    "client0_WT": [
      0.06906116753816605,
      0.0937366858124733,
      0.08001037687063217,
      0.14709758758544922,
      0.46432867646217346,
      0.5252305865287781,
      0.5896328687667847,
      0.534098207950592,
      0.5506992340087891,
      0.242711141705513,
      0.33822426199913025,
      0.5808453559875488,
      0.6262736916542053,
      0.650044858455658,
      0.6782397031784058,
      0.6838914752006531,
      0.5642735362052917,
      0.5584360957145691,
      0.5854437947273254,
      0.6217974424362183,
      0.7228634357452393,
      0.762283205986023,
      0.5278267860412598,
      0.2831651568412781,
      0.7147194147109985,
      0.7828794717788696,
      0.5327416658401489,
      0.7571533918380737,
      0.7237799763679504,
      0.6029536724090576,
      0.6697784662246704
    ],
    "client0_TC": [
      0.03848201036453247,
      0.033570900559425354,
      0.03225189447402954,
      0.07973922044038773,
      0.3988303244113922,
      0.4346655011177063,
      0.47121039032936096,
      0.44821906089782715,
      0.4651094377040863,
      0.36022424697875977,
      0.37079811096191406,
      0.4583832621574402,
      0.5097070932388306,
      0.5404492616653442,
      0.6206113696098328,
      0.5964392423629761,
      0.5541468858718872,
      0.5840213298797607,
      0.6035730838775635,
      0.6033216714859009,
      0.7686444520950317,
      0.692997932434082,
      0.5418953895568848,
      0.3620625138282776,
      0.7735141515731812,
      0.7662538290023804,
      0.6895917654037476,
      0.7995878458023071,
      0.7514666318893433,
      0.7883410453796387,
      0.8072578310966492
    ],
    "client0_ET": [
      0.005202045198529959,
      0.013453627936542034,
      0.016028737649321556,
      0.02304925210773945,
      0.2040245532989502,
      0.1495351344347,
      0.3819023072719574,
      0.35835009813308716,
      0.4042826294898987,
      0.4238716661930084,
      0.333148717880249,
      0.24843475222587585,
      0.43339142203330994,
      0.38962510228157043,
      0.5311972498893738,
      0.4799884259700775,
      0.45961013436317444,
      0.2315419614315033,
      0.40783625841140747,
      0.3051320016384125,
      0.5685738325119019,
      0.6388174295425415,
      0.5320507884025574,
      0.497537761926651,
      0.5641378164291382,
      0.6673833727836609,
      0.626622200012207,
      0.584415078163147,
      0.5167224407196045,
      0.6568101644515991,
      0.6797071695327759
    ],
    "client1_meanDice": [
      0.03930016979575157,
      0.04241558536887169,
      0.04433509707450867,
      0.05578172579407692,
      0.22281664609909058,
      0.30181828141212463,
      0.4761851727962494,
      0.2601913809776306,
      0.4212946891784668,
      0.306487113237381,
      0.20991255342960358,
      0.3468370735645294,
      0.45758724212646484,
      0.5060415267944336,
      0.5857680439949036,
      0.6156596541404724,
      0.5028488039970398,
      0.4040771424770355,
      0.520392119884491,
      0.5096986889839172,
      0.6675930023193359,
      0.7069161534309387,
      0.4683903753757477,
      0.30997514724731445,
      0.6084821820259094,
      0.763862133026123,
      0.537387490272522,
      0.6868030428886414,
      0.6961113810539246,
      0.6469539999961853,
      0.7118112444877625
    ],
    "client1_WT": [
      0.06098945438861847,
      0.0716051235795021,
      0.07016465067863464,
      0.08898433297872543,
      0.30104273557662964,
      0.44827938079833984,
      0.6171442866325378,
      0.3902686536312103,
      0.5183070302009583,
      0.21205946803092957,
      0.2420593798160553,
      0.5602494478225708,
      0.6217806339263916,
      0.6420266032218933,
      0.6711901426315308,
      0.7361181974411011,
      0.5159392356872559,
      0.5578712224960327,
      0.5910001993179321,
      0.628366231918335,
      0.777832567691803,
      0.785047709941864,
      0.4475584030151367,
      0.21520328521728516,
      0.7476630210876465,
      0.8417345881462097,
      0.4898476004600525,
      0.8116834759712219,
      0.7859706282615662,
      0.5844095945358276,
      0.6991016268730164
    ],
    "client1_TC": [
      0.050378695130348206,
      0.04059113189578056,
      0.045732226222753525,
      0.06654873490333557,
      0.284331351518631,
      0.3770260214805603,
      0.5634961724281311,
      0.2842708230018616,
      0.5106436014175415,
      0.4486958980560303,
      0.27186480164527893,
      0.3908044695854187,
      0.5204869508743286,
      0.6028124690055847,
      0.6931920647621155,
      0.7232850193977356,
      0.6215230226516724,
      0.5235726237297058,
      0.6344625949859619,
      0.6728789806365967,
      0.7810957431793213,
      0.7876818180084229,
      0.5286034941673279,
      0.33067697286605835,
      0.6864539384841919,
      0.8446444272994995,
      0.6445484161376953,
      0.8192803859710693,
      0.8485085964202881,
      0.7876425981521606,
      0.8279839754104614
    ],
    "client1_ET": [
      0.006532364524900913,
      0.015050502493977547,
      0.017108405008912086,
      0.011812112294137478,
      0.08307581394910812,
      0.08014943450689316,
      0.24791502952575684,
      0.10603470355272293,
      0.23493343591690063,
      0.2587060034275055,
      0.11581350862979889,
      0.08945732563734055,
      0.23049408197402954,
      0.27328547835350037,
      0.3929218053817749,
      0.38757556676864624,
      0.37108421325683594,
      0.13078755140304565,
      0.33571359515190125,
      0.22785083949565887,
      0.4438508450984955,
      0.5480190515518188,
      0.4290093183517456,
      0.38404518365859985,
      0.3913295567035675,
      0.6052073240280151,
      0.47776639461517334,
      0.4294453263282776,
      0.45385491847991943,
      0.5688097476959229,
      0.60834801197052
    ],