{
  "config": {
    "strategy": "fedprox",
    "mu": 0.01,
    "rounds": 30,
    "local_epochs": 5,
    "lr": 0.001,
    "batch_size": 4,
    "seed": 42,
    "partition_dir": "/home/bk489/federated/federated-thesis/data/partitions/brats2d_7030_et_skewed/client_data",
    "out_dir": "/home/bk489/federated/federated-thesis/results/federated/brats2d_7030_c0ET10/fedprox_mu0.01_R30_E5_20260127_213457"
  },
  "timing": {
    "total_seconds": 1608.242106437683,
    "seconds_per_round": 53.60807021458944
  },
  "per_round": {
    "rounds": [
      0,
      1,
      2,
      3,
      4,
      5,
      6,
      7,
      8,
      9,
      10,
      11,
      12,
      13,
      14,
      15,
      16,
      17,
      18,
      19,
      20,
      21,
      22,
      23,
      24,
      25,
      26,
      27,
      28,
      29,
      30
    ],
    "client0_meanDice": [
      0.06665518134832382,
      0.060481492429971695,
      0.24468819797039032,
      0.13986939191818237,
      0.21236473321914673,
      0.3069430887699127,
      0.2937290370464325,
      0.33911287784576416,
      0.3743469715118408,
      0.35165271162986755,
      0.3127601444721222,
      0.3378159701824188,
      0.2725827693939209,
      0.2846401631832123,
      0.4075351059436798,
      0.5288606286048889,
      0.46451234817504883,
      0.4998866617679596,
      0.5198461413383484,
      0.31309646368026733,
      0.5359440445899963,
      0.47459495067596436,
      0.44728031754493713,
      0.5076521039009094,
      0.47830867767333984,
      0.35832107067108154,
      0.566178023815155,
      0.5768143534660339,
      0.49821963906288147,
      0.5525781512260437,
      0.5497775077819824
    ],
    "client0_WT": [
      0.13559460639953613,
      0.11018898338079453,
      0.3260403275489807,
      0.19142958521842957,
      0.2484830617904663,
      0.39454999566078186,
      0.38319918513298035,
      0.3685593008995056,
      0.5173740983009338,
      0.3873627781867981,
      0.356626033782959,
      0.32929372787475586,
      0.2656466066837311,
      0.26014623045921326,
      0.46449580788612366,
      0.6750860810279846,
      0.5726422071456909,
      0.5659787058830261,
      0.5907707214355469,
      0.2563200891017914,
      0.7151877284049988,
      0.5142846703529358,
      0.4980829656124115,
      0.6879688501358032,
      0.5108577609062195,
      0.34689491987228394,
      0.6613084673881531,
      0.688336193561554,
      0.48105865716934204,
      0.6704409122467041,
      0.6562580466270447
    ],
    "client0_TC": [
      0.06315692514181137,
      0.060621730983257294,
      0.28169649839401245,
      0.14692451059818268,
      0.2501014769077301,
      0.341946542263031,
      0.316724956035614,
      0.37339821457862854,
      0.3855944275856018,
      0.3799363672733307,
      0.3467477858066559,
      0.3791552186012268,
      0.33601826429367065,
      0.35375532507896423,
      0.42350053787231445,
      0.4845452904701233,
      0.4338458180427551,
      0.5407422184944153,
      0.47684377431869507,
      0.3727063238620758,
      0.4675971567630768,
      0.4551617205142975,
      0.4384075999259949,
      0.4498165547847748,
      0.49279457330703735,
      0.39821237325668335,
      0.5292657613754272,
      0.5367182493209839,
      0.5173874497413635,
      0.5159975290298462,
      0.5493887066841125
    ],
    "client0_ET": [
      0.0012140169274061918,
      0.010633771307766438,
      0.1263277232646942,
      0.08125405013561249,
      0.13850967586040497,
      0.18433275818824768,
      0.18126296997070312,
      0.2753811180591583,
      0.2200724333524704,
      0.2876589298248291,
      0.23490667343139648,
      0.30499890446662903,
      0.21608343720436096,
      0.24001888930797577,
      0.3346090316772461,
      0.42695045471191406,
      0.3870489001274109,
      0.39293912053108215,
      0.49192386865615845,
      0.3102629780769348,
      0.4250471591949463,
      0.4543384611606598,
      0.4053504467010498,
      0.3851708769798279,
      0.43127375841140747,
      0.32985594868659973,
      0.50795978307724,
      0.505388617515564,
      0.4962128698825836,
      0.4712960720062256,
      0.44368571043014526
    ],
    "client1_meanDice": [
      0.0620635487139225,
      0.054349321871995926,
      0.23802153766155243,
      0.24466848373413086,
      0.24569769203662872,
      0.2712152898311615,
      0.29051142930984497,
      0.34058716893196106,
      0.3749508559703827,
      0.3825860023498535,
      0.40828636288642883,
      0.4147946834564209,
      0.4377356767654419,
      0.3291197121143341,
      0.5090025067329407,
      0.6735920310020447,
      0.5345343947410583,
      0.578122079372406,
      0.6792206764221191,
      0.3939550220966339,
      0.723347008228302,
      0.6487880349159241,
      0.5680544972419739,
      0.65219646692276,
      0.6726678013801575,
      0.49541839957237244,
      0.6969916224479675,
      0.7192473411560059,
      0.6827487945556641,
      0.7337809205055237,
      0.7129192352294922
    ],
    "client1_WT": [
      0.11968927085399628,
      0.08649616688489914,
      0.26971951127052307,
      0.19637471437454224,
      0.2389063686132431,
      0.31895920634269714,
      0.29441946744918823,
      0.31410694122314453,
      0.4368211030960083,
      0.39924356341362,
      0.3433336317539215,
      0.33333027362823486,
      0.3664689064025879,
      0.2525378465652466,
      0.46299323439598083,
      0.6728184223175049,
      0.5607784986495972,
      0.5381855964660645,
      0.6771913766860962,
      0.28078803420066833,
      0.7705667018890381,
      0.5951848030090332,
      0.5180992484092712,
      0.7526952028274536,
      0.6739188432693481,
      0.4353284239768982,
      0.683357834815979,
      0.7287240028381348,
      0.6580616235733032,
      0.7138931155204773,
      0.6896951198577881
    ],
    "client1_TC": [
      0.061396513134241104,
      0.04786359891295433,
      0.23284363746643066,
      0.2382163107395172,
      0.2360905110836029,
      0.248544842004776,
      0.26942580938339233,
      0.3320302963256836,
      0.34813934564590454,
      0.36687323451042175,
      0.41279688477516174,
      0.4251829981803894,
      0.4483012557029724,
      0.3373720347881317,
      0.5329278111457825,
      0.7096789479255676,
      0.5138304233551025,
      0.5859100818634033,
      0.694581925868988,
      0.41083601117134094,
      0.717755913734436,
      0.6745745539665222,
      0.5702890157699585,
      0.6069035530090332,
      0.6585022211074829,
      0.5044776201248169,
      0.7078263759613037,
      0.7191699147224426,
      0.6982167959213257,
      0.7676140069961548,
      0.7332760095596313
    ],
    "client1_ET": [
      0.005104872398078442,
      0.028688203543424606,
      0.21150144934654236,
      0.29941442608833313,
      0.26209625601768494,
      0.24614179134368896,
      0.30768901109695435,
      0.37562426924705505,
      0.33989205956459045,
      0.3816412389278412,
      0.46872860193252563,
      0.4858707785606384,
      0.4984368681907654,
      0.397449254989624,
      0.5310864448547363,
      0.6382786631584167,
      0.5289943218231201,
      0.610270619392395,
      0.6658887267112732,
      0.49024105072021484,
      0.6817184090614319,
      0.676604688167572,
      0.6157754063606262,
      0.5969907641410828,
      0.6855825185775757,
      0.5464491248130798,
      0.6997906565666199,
      0.7098482847213745,
      0.6919679641723633,
      0.7198357582092285,
      0.7157864570617676
    ],