{
  "config": {
    "strategy": "fedprox",
    "mu": 0.001,
    "rounds": 30,
    "local_epochs": 3,
    "lr": 0.001,
    "batch_size": 4,
    "seed": 42,
    "partition_dir": "/home/bk489/federated/federated-thesis/data/partitions/brats2d_one_slice_per_patient_clients",
    "out_dir": "/home/bk489/federated/federated-thesis/results/federated/clients_2_70_30/fedprox_mu0.001_R30_E3_20260127_130822"
  },
  "timing": {
    "total_seconds": 1705.8017637729645,
    "seconds_per_round": 56.86005879243215
  },
  "per_round": {
    "rounds": [
      0,
      1,
      2,
      3,
      4,
      5,
      6,
      7,
      8,
      9,
      10,
      11,
      12,
      13,
      14,
      15,
      16,
      17,
      18,
      19,
      20,
      21,
      22,
      23,
      24,
      25,
      26,
      27,
      28,
      29,
      30
    ],
    "client0_meanDice": [
      0.015797166153788567,
      0.040808144956827164,
      0.1982111781835556,
      0.2883561849594116,
      0.3498705327510834,
      0.39438390731811523,
      0.4262827932834625,
      0.45018431544303894,
      0.4840472936630249,
      0.5046760439872742,
      0.5861194729804993,
      0.4764457643032074,
      0.455082505941391,
      0.6049792766571045,
      0.48560360074043274,
      0.6359249949455261,
      0.5556182265281677,
      0.5663848519325256,
      0.6608406901359558,
      0.6292755007743835,
      0.6674647331237793,
      0.5528181195259094,
      0.6873593330383301,
      0.7104392051696777,
      0.6950822472572327,
      0.7361030578613281,
      0.750256359577179,
      0.7217905521392822,
      0.7726448178291321,
      0.7275425791740417,
      0.6859500408172607
    ],
    "client0_WT": [
      0.023087311536073685,
      0.07694227993488312,
      0.2737666964530945,
      0.37938591837882996,
      0.3546048104763031,
      0.441519558429718,
      0.46966153383255005,
      0.38799554109573364,
      0.5484656095504761,
      0.5859843492507935,
      0.6314399242401123,
      0.4756147861480713,
      0.4965456426143646,
      0.6562548279762268,
      0.5086179971694946,
      0.6445809602737427,
      0.6014934778213501,
      0.5964614152908325,
      0.7431067824363708,
      0.6024293899536133,
      0.6952506303787231,
      0.4369184970855713,
      0.6984713673591614,
      0.730616569519043,
      0.7329698801040649,
      0.7598026990890503,
      0.78669673204422,
      0.7548354268074036,
      0.7881932854652405,
      0.6838359236717224,
      0.6532672643661499
    ],
    "client0_TC": [
      0.003452816279605031,
      0.029497647657990456,
      0.19294965267181396,
      0.26742422580718994,
      0.3603045344352722,
      0.3620389699935913,
      0.4096519351005554,
      0.43233099579811096,
      0.4369249939918518,
      0.43176284432411194,
      0.525192379951477,
      0.4632027745246887,
      0.46731430292129517,
      0.5257753133773804,
      0.4691392779350281,
      0.5888161659240723,
      0.5140979886054993,
      0.4926079213619232,
      0.5938923954963684,
      0.5843929052352905,
      0.6065778732299805,
      0.5575045943260193,
      0.6344721913337708,
      0.6424473524093628,
      0.6702662706375122,
      0.6745890378952026,
      0.7358337640762329,
      0.6497227549552917,
      0.7331186532974243,
      0.7736303210258484,
      0.6698696613311768
    ],
    "client0_ET": [
      0.020851366221904755,
      0.015984511002898216,
      0.12791715562343597,
      0.2182583510875702,
      0.3347022831439972,
      0.37959325313568115,
      0.3995348811149597,
      0.5302263498306274,
      0.46675124764442444,
      0.49628084897994995,
      0.6017261147499084,
      0.4905196726322174,
      0.40138760209083557,
      0.6329076886177063,
      0.4790535569190979,
      0.6743777990341187,
      0.5512632131576538,
      0.6100853085517883,
      0.645522952079773,
      0.701004147529602,
      0.700565755367279,
      0.6640312075614929,
      0.7291345000267029,
      0.7582536339759827,
      0.6820105910301208,
      0.7739173173904419,
      0.7282384634017944,
      0.7608134746551514,
      0.796622633934021,
      0.7251614332199097,
      0.7347131967544556
    ],
    "client1_meanDice": [
      0.015387807972729206,
      0.03979126736521721,
      0.13044124841690063,
      0.27381739020347595,
      0.17662978172302246,
      0.2563646137714386,
      0.28667446970939636,
      0.25772082805633545,
      0.39907360076904297,
      0.522606611251831,
      0.5522261261940002,
      0.3287527859210968,
      0.27659133076667786,
      0.5263780951499939,
      0.2601301670074463,
      0.5885545015335083,
      0.4293346405029297,
      0.4459210932254791,
      0.6807963252067566,
      0.5735493302345276,
      0.610180139541626,
      0.38157781958580017,
      0.6302821636199951,
      0.6727874875068665,
      0.7137101292610168,
      0.708738386631012,
      0.7723789215087891,
      0.6685910224914551,
      0.7220689654350281,
      0.6971972584724426,
      0.6807301640510559
    ],
    "client1_WT": [
      0.019612662494182587,
      0.06539370119571686,
      0.17385852336883545,
      0.34886524081230164,
      0.21830056607723236,
      0.291558176279068,
      0.3245946764945984,
      0.30720654129981995,
      0.4619991183280945,
      0.6299265623092651,
      0.6443535089492798,
      0.45266109704971313,
      0.4369690418243408,
      0.6436899304389954,
      0.4206746220588684,
      0.604865550994873,
      0.5722784399986267,
      0.4989306628704071,
      0.7593468427658081,
      0.549930214881897,
      0.7008190155029297,
      0.3341614305973053,
      0.6743074655532837,
      0.749944806098938,
      0.7524085640907288,
      0.7867810726165771,
      0.8266932368278503,
      0.7784121036529541,
      0.8216691017150879,
      0.669608473777771,
      0.6561996936798096
    ],
    "client1_TC": [
      0.004734746180474758,
      0.0371958464384079,
      0.14511637389659882,
      0.30629992485046387,
      0.17570795118808746,
      0.26327356696128845,
      0.3013346493244171,
      0.21240027248859406,
      0.38245072960853577,
      0.466875284910202,
      0.5565162897109985,
      0.2798253297805786,
      0.25801029801368713,
      0.48130202293395996,
      0.19819289445877075,
      0.5766332745552063,
      0.39247626066207886,
      0.4037218391895294,
      0.6631612777709961,
      0.5729509592056274,
      0.5524830222129822,
      0.40937674045562744,
      0.6196539402008057,
      0.6142231225967407,
      0.7348873615264893,
      0.6514252424240112,
      0.8059496879577637,
      0.57021164894104,
      0.6538615226745605,
      0.738616406917572,
      0.6922574043273926
    ],
    "client1_ET": [
      0.021816013380885124,
      0.01678425818681717,
      0.07234881818294525,
      0.16628701984882355,
      0.13588079810142517,
      0.21426205337047577,
      0.23409409821033478,
      0.25355568528175354,
      0.3527708947658539,
      0.4710179567337036,
      0.4558086395263672,
      0.25377196073532104,
      0.13479463756084442,
      0.4541424810886383,
      0.1615229994058609,
      0.5841647386550903,
      0.32324928045272827,
      0.435110867023468,
      0.6198807954788208,
      0.5977667570114136,
      0.5772383213043213,
      0.401195228099823,
      0.596885085105896,
      0.6541944742202759,
      0.6538344621658325,
      0.6880089640617371,
      0.6844936609268188,
      0.6571491956710815,
      0.690676212310791,
      0.6833668947219849,
      0.6937334537506104
    ],