{
  "config": {
    "strategy": "fedprox",
    "mu": 0.1,
    "rounds": 20,
    "local_epochs": 1,
    "lr": 0.001,
    "batch_size": 4,
    "seed": 42,
    "partition_dir": "/home/bk489/federated/federated-thesis/data/partitions/federated_clients_2_70_30/client_data",
    "out_dir": "/home/bk489/federated/federated-thesis/results/federated/clients_2_70_30/fedprox_mu0.1_R20_E1_20260126_203536"
  },
  "timing": {
    "total_seconds": 3239.529331445694,
    "seconds_per_round": 161.9764665722847
  },
  "per_round": {
    "rounds": [
      0,
      1,
      2,
      3,
      4,
      5,
      6,
      7,
      8,
      9,
      10,
      11,
      12,
      13,
      14,
      15,
      16,
      17,
      18,
      19,
      20
    ],
    "client0_meanDice": [
      0.03704335540533066,
      0.3346482813358307,
      0.6258994340896606,
      0.7295673489570618,
      0.7337759137153625,
      0.7734991908073425,
      0.7842437624931335,
      0.7746758460998535,
      0.7792553305625916,
      0.646282970905304,
      0.8061988949775696,
      0.7472362518310547,
      0.8131584525108337,
      0.8010186553001404,
      0.8047878742218018,
      0.7080565094947815,
      0.7969381809234619,
      0.7721558213233948,
      0.803895890712738,
      0.8004136085510254,
      0.7951293587684631
    ],
    "client0_WT": [
      0.06736867874860764,
      0.58066326379776,
      0.7759916186332703,
      0.8438416719436646,
      0.8515673279762268,
      0.8668516874313354,
      0.8775190711021423,
      0.8507575392723083,
      0.8569177389144897,
      0.7258020043373108,
      0.8890284299850464,
      0.8610062599182129,
      0.8941329121589661,
      0.8859829306602478,
      0.8874770998954773,
      0.8013798594474792,
      0.8624002933502197,
      0.8746163249015808,
      0.8946165442466736,
      0.8928642272949219,
      0.8890520930290222
    ],
    "client0_TC": [
      0.028258593752980232,
      0.2682967782020569,
      0.5197412967681885,
      0.6524553894996643,
      0.64146888256073,
      0.7150754332542419,
      0.7319310307502747,
      0.7320162653923035,
      0.7209456562995911,
      0.5453650951385498,
      0.7634792923927307,
      0.6139992475509644,
      0.7708538174629211,
      0.7602679133415222,
      0.7538474202156067,
      0.5778584480285645,
      0.7651447653770447,
      0.6886772513389587,
      0.757447361946106,
      0.7388859391212463,
      0.7346537113189697
    ],
    "client0_ET": [
      0.01550279464572668,
      0.15498481690883636,
      0.5819653272628784,
      0.692405104637146,
      0.7082915902137756,
      0.7385705709457397,
      0.7432810068130493,
      0.741253674030304,
      0.7599025368690491,
      0.667681872844696,
      0.7660890817642212,
      0.766703188419342,
      0.7744885087013245,
      0.7568050026893616,
      0.7730391025543213,
      0.7449312210083008,
      0.7632693648338318,
      0.7531739473342896,
      0.7596238255500793,
      0.7694907784461975,
      0.7616823315620422
    ],
    "client1_meanDice": [
      0.047267232090234756,
      0.3689434826374054,
      0.6128548979759216,
      0.6632153391838074,
      0.6649265885353088,
      0.7068037390708923,
      0.7135844230651855,
      0.7017591595649719,
      0.7434828877449036,
      0.6373274326324463,
      0.706364631652832,
      0.7283700108528137,
      0.7321112751960754,
      0.7240414023399353,
      0.7458627820014954,
      0.6651086211204529,
      0.7330508232116699,
      0.7476137280464172,
      0.7397580742835999,
      0.7308651804924011,
      0.7543904185295105
    ],
    "client1_WT": [
      0.07756800204515457,
      0.590975284576416,
      0.7623746395111084,
      0.7500923871994019,
      0.7503299713134766,
      0.842336893081665,
      0.8493582606315613,
      0.8140064477920532,
      0.858014702796936,
      0.7369922995567322,
      0.8149468898773193,
      0.8601111769676208,
      0.8686456084251404,
      0.8750091195106506,
      0.8623042106628418,
      0.7541787624359131,
      0.8651059865951538,
      0.876705527305603,
      0.8907970190048218,
      0.8744833469390869,
      0.888690173625946
    ],
    "client1_TC": [
      0.04552425444126129,
      0.34741878509521484,
      0.5801488757133484,
      0.6409783363342285,
      0.6347841024398804,
      0.6548082232475281,
      0.6612586379051208,
      0.6612977385520935,
      0.7284497022628784,
      0.5987932682037354,
      0.6581905484199524,
      0.6818660497665405,
      0.6743980050086975,
      0.6468783617019653,
      0.7242054343223572,
      0.6132161617279053,
      0.6866434812545776,
      0.719414234161377,
      0.6781734824180603,
      0.6688225865364075,
      0.7353605031967163
    ],
    "client1_ET": [
      0.018709447234869003,
      0.16843640804290771,
      0.4960409998893738,
      0.598575234413147,
      0.6096656322479248,
      0.6232660412788391,
      0.6301363110542297,
      0.629973292350769,
      0.6439844369888306,
      0.5761967301368713,
      0.6459566354751587,
      0.6431329846382141,
      0.6532903909683228,
      0.6502366065979004,
      0.6510788202285767,
      0.6279308199882507,
      0.6474029421806335,
      0.6467214226722717,
      0.6503037810325623,
      0.6492896676063538,
      0.6391206979751587
    ],
    "global_meanDice": [
      0.04016193374991417,
      0.345576673746109,
      0.6213669180870056,
      0.7106442451477051,
      0.7102901935577393,
      0.7498335838317871,
      0.7612951397895813,
      0.7508015632629395,
      0.7664054036140442,
      0.6411545276641846,
      0.7743476033210754,
      0.7408340573310852,
      0.78507399559021,
      0.7750494480133057,
      0.7855570912361145,
      0.6958505511283875,
      0.7742569446563721,
      0.7626002430915833,
      0.782097578048706,
      0.7756028175354004,
      0.7795566916465759
    ],
    "global_WT": [
      0.07033046334981918,
      0.5832112431526184,
      0.7712887525558472,
      0.8202751874923706,
      0.8225598335266113,
      0.8603328466415405,
      0.8699081540107727,
      0.8413645625114441,
      0.8566185235977173,
      0.726974368095398,
      0.8719385862350464,
      0.8607592582702637,
      0.887896716594696,
      0.8828219771385193,
      0.8817861080169678,
      0.7903138399124146,
      0.8622983694076538,
      0.8748480081558228,
      0.8936071991920471,
      0.8882139325141907,
      0.8887356519699097
    ],
    "global_TC": [
      0.033511120826005936,
      0.2929626703262329,
      0.5402112603187561,
      0.6538439989089966,
      0.6417492032051086,
      0.6904584765434265,
      0.7075954675674438,
      0.7074224948883057,
      0.7219091653823853,
      0.5622584819793701,
      0.7271650433540344,
      0.6376594305038452,
      0.734403669834137,
      0.7202765345573425,
      0.7434361577033997,
      0.5938519835472107,
      0.7357723712921143,
      0.6961114406585693,
      0.7278110980987549,
      0.7095761895179749,
      0.730280876159668
    ],
    "global_ET": [
      0.01664421707391739,
      0.1605561077594757,
      0.5526006817817688,
      0.6578134894371033,
      0.6665616035461426,
      0.6987094283103943,
      0.7063818573951721,
      0.7036176323890686,
      0.7206885814666748,
      0.6342306733131409,
      0.7239392399787903,
      0.724083662033081,
      0.7329216003417969,
      0.7220498919487,
      0.7314491868019104,
      0.7033859491348267,
      0.7247001528739929,
      0.716841459274292,
      0.7248745560646057,
      0.7290182709693909,
      0.7196535468101501
    ]
  },
  "final": {
    "client0_meanDice": 0.7951293587684631,
    "client0_best_meanDice": 0.8131584525108337,
    "client1_meanDice": 0.7543904185295105,
    "client1_best_meanDice": 0.7543904185295105,
    "global_meanDice": 0.7795566916465759,
    "global_best_meanDice": 0.7855570912361145
  }
}