{
  "config": {
    "strategy": "fedprox",
    "mu": 0.001,
    "rounds": 30,
    "local_epochs": 3,
    "lr": 0.001,
    "batch_size": 4,
    "seed": 42,
    "partition_dir": "/home/bk489/federated/federated-thesis/data/partitions/brats2d_7030_c0ET10",
    "out_dir": "/home/bk489/federated/federated-thesis/results/federated/brats2d_7030_c0ET10/fedprox_mu0.001_R30_E3_20260127_201206"
  },
  "timing": {
    "total_seconds": 1136.4065673351288,
    "seconds_per_round": 37.88021891117096
  },
  "per_round": {
    "rounds": [
      0,
      1,
      2,
      3,
      4,
      5,
      6,
      7,
      8,
      9,
      10,
      11,
      12,
      13,
      14,
      15,
      16,
      17,
      18,
      19,
      20,
      21,
      22,
      23,
      24,
      25,
      26,
      27,
      28,
      29,
      30
    ],
    "client0_meanDice": [
      0.046599287539720535,
      0.043655868619680405,
      0.11820752173662186,
      0.14021378755569458,
      0.07775814086198807,
      0.25503382086753845,
      0.008997929282486439,
      0.08562769740819931,
      0.2000299096107483,
      0.28971418738365173,
      0.06278055161237717,
      0.22207219898700714,
      0.3357079327106476,
      0.35922372341156006,
      0.1841236799955368,
      0.2631978690624237,
      0.22807550430297852,
      0.20954076945781708,
      0.26680612564086914,
      0.3560684025287628,
      0.18811316788196564,
      0.3415663540363312,
      0.37696442008018494,
      0.3492361605167389,
      0.23689299821853638,
      0.1816726177930832,
      0.43182626366615295,
      0.4053574502468109,
      0.27740854024887085,
      0.3402821123600006,
      0.2853330671787262
    ],
    "client0_WT": [
      0.11409123986959457,
      0.08306293189525604,
      0.21180304884910583,
      0.19739465415477753,
      0.17470073699951172,
      0.32227492332458496,
      0.020600661635398865,
      0.12469659000635147,
      0.31925085186958313,
      0.3862995505332947,
      0.09954090416431427,
      0.313398540019989,
      0.4928523600101471,
      0.4043763279914856,
      0.2302452027797699,
      0.383799284696579,
      0.3281799256801605,
      0.3001386523246765,
      0.33511483669281006,
      0.4090915620326996,
      0.2685709595680237,
      0.36588460206985474,
      0.433040052652359,
      0.4411230981349945,
      0.33743909001350403,
      0.2425829917192459,
      0.5191637277603149,
      0.47646817564964294,
      0.3868793249130249,
      0.42802223563194275,
      0.32134580612182617
    ],
    "client0_TC": [
      0.0031752060167491436,
      0.031276457011699677,
      0.11410641670227051,
      0.16993840038776398,
      0.05147659033536911,
      0.3308028280735016,
      0.0052191587164998055,
      0.12112198770046234,
      0.25843948125839233,
      0.36244380474090576,
      0.08519332855939865,
      0.2942010164260864,
      0.3759837746620178,
      0.38677677512168884,
      0.25251203775405884,
      0.34472543001174927,
      0.3207962214946747,
      0.28324711322784424,
      0.3751032054424286,
      0.40688928961753845,
      0.24871349334716797,
      0.4114481508731842,
      0.43125906586647034,
      0.45016035437583923,
      0.33313924074172974,
      0.2364577353000641,
      0.4876953959465027,
      0.4761009216308594,
      0.39205989241600037,
      0.42457932233810425,
      0.4332450032234192
    ],
    "client0_ET": [
      0.0225314199924469,
      0.016628216952085495,
      0.028713112697005272,
      0.05330829694867134,
      0.007097102701663971,
      0.11202371120452881,
      0.001173966913484037,
      0.01106451079249382,
      0.022399364039301872,
      0.12039916217327118,
      0.0036074190866202116,
      0.05861705541610718,
      0.13828763365745544,
      0.28651806712150574,
      0.06961380690336227,
      0.06106894463300705,
      0.03525036945939064,
      0.04523655027151108,
      0.09020029753446579,
      0.2522243857383728,
      0.04705503582954407,
      0.2473663091659546,
      0.26659414172172546,
      0.1564250886440277,
      0.04010061174631119,
      0.06597711890935898,
      0.2886196970939636,
      0.2635032534599304,
      0.053286362439394,
      0.1682448387145996,
      0.10140834748744965
    ],
    "client1_meanDice": [
      0.04057464376091957,
      0.04352843761444092,
      0.07768628746271133,
      0.0709044337272644,
      0.04507753252983093,
      0.09493157267570496,
      0.009268048219382763,
      0.03973245993256569,
      0.07414373010396957,
      0.11964867264032364,
      0.03828388825058937,
      0.07421091198921204,
      0.23016776144504547,
      0.15720883011817932,
      0.06890290230512619,
      0.12873895466327667,
      0.09507638961076736,
      0.08920246362686157,
      0.11195699125528336,
      0.17500971257686615,
      0.07014121860265732,
      0.13631464540958405,
      0.1874227523803711,
      0.20005138218402863,
      0.1035347580909729,
      0.06358421593904495,
      0.26446282863616943,
      0.23652885854244232,
      0.14946208894252777,
      0.20034293830394745,
      0.13981692492961884
    ],
    "client1_WT": [
      0.0932963639497757,
      0.07218922674655914,
      0.11935905367136002,
      0.09306611120700836,
      0.08811265975236893,
      0.13818591833114624,
      0.024773133918642998,
      0.07233436405658722,
      0.14593505859375,
      0.17146389186382294,
      0.06259719282388687,
      0.1235763430595398,
      0.31852641701698303,
      0.20356594026088715,
      0.09364186972379684,
      0.21419821679592133,
      0.13682681322097778,
      0.13144569098949432,
      0.16179010272026062,
      0.24526672065258026,
      0.09878502041101456,
      0.1960369497537613,
      0.272635817527771,
      0.28030475974082947,
      0.16704638302326202,
      0.11210869997739792,
      0.4353892505168915,
      0.3667829930782318,
      0.24045425653457642,
      0.2721254527568817,
      0.20216383039951324
    ],
    "client1_TC": [
      0.004135773051530123,
      0.04041985422372818,
      0.09249242395162582,
      0.1048603355884552,
      0.0436299592256546,
      0.13215194642543793,
      0.0024166672956198454,
      0.04632634297013283,
      0.07506733387708664,
      0.17212370038032532,
      0.05188893899321556,
      0.09673576056957245,
      0.3249365985393524,
      0.20960885286331177,
      0.10705658793449402,
      0.16348490118980408,
      0.14401428401470184,
      0.1312541514635086,
      0.16340884566307068,
      0.22699247300624847,
      0.10841716080904007,
      0.17676056921482086,
      0.23757626116275787,
      0.2819686830043793,
      0.13802015781402588,
      0.06904008239507675,
      0.2791174352169037,
      0.2739019989967346,
      0.19565056264400482,
      0.2798820734024048,
      0.1950947344303131
    ],
    "client1_ET": [
      0.02429179474711418,
      0.01797623187303543,
      0.02120739035308361,
      0.014786860905587673,
      0.003489968366920948,
      0.014456849545240402,
      0.0006143454229459167,
      0.0005366837722249329,
      0.0014287757221609354,
      0.015358434990048409,
      0.00036553858080878854,
      0.0023206344339996576,
      0.04704027995467186,
      0.05845169350504875,
      0.006010247860103846,
      0.00853378139436245,
      0.00438805902376771,
      0.00490754097700119,
      0.01067201979458332,
      0.05276995152235031,
      0.0032214766833931208,
      0.036146391183137894,
      0.052056215703487396,
      0.03788068890571594,
      0.005537739023566246,
      0.009603865444660187,
      0.07888182997703552,
      0.06890160590410233,
      0.012281440198421478,
      0.04902125149965286,
      0.022192206233739853
    ],