{
  "config": {
    "strategy": "fedprox",
    "mu": 0.1,
    "rounds": 30,
    "local_epochs": 5,
    "lr": 0.001,
    "batch_size": 4,
    "seed": 42,
    "partition_dir": "/home/bk489/federated/federated-thesis/data/partitions/brats2d_7030_et_skewed/client_data",
    "out_dir": "/home/bk489/federated/federated-thesis/results/federated/brats2d_7030_c0ET10/fedprox_mu0.1_R30_E5_20260127_224210"
  },
  "timing": {
    "total_seconds": 1718.3738520145416,
    "seconds_per_round": 57.27912840048472
  },
  "per_round": {
    "rounds": [
      0,
      1,
      2,
      3,
      4,
      5,
      6,
      7,
      8,
      9,
      10,
      11,
      12,
      13,
      14,
      15,
      16,
      17,
      18,
      19,
      20,
      21,
      22,
      23,
      24,
      25,
      26,
      27,
      28,
      29,
      30
    ],
    "client0_meanDice": [
      0.04807782173156738,
      0.0885317325592041,
      0.1236894354224205,
      0.20681346952915192,
      0.31115272641181946,
      0.3668478727340698,
      0.42476868629455566,
      0.3564769923686981,
      0.4352428913116455,
      0.388680100440979,
      0.4004566967487335,
      0.50655597448349,
      0.393552303314209,
      0.4259243905544281,
      0.5185386538505554,
      0.45002421736717224,
      0.500508725643158,
      0.5041770935058594,
      0.4311239421367645,
      0.3849588930606842,
      0.3819175958633423,
      0.3149183392524719,
      0.4230412542819977,
      0.47886887192726135,
      0.4615187644958496,
      0.4018063247203827,
      0.44553402066230774,
      0.5740880370140076,
      0.4208838641643524,
      0.48637422919273376,
      0.3817596137523651
    ],
    "client0_WT": [
      0.13683941960334778,
      0.16346684098243713,
      0.19674506783485413,
      0.2736908495426178,
      0.4732409119606018,
      0.46239957213401794,
      0.5406989455223083,
      0.36210647225379944,
      0.5434597730636597,
      0.46584075689315796,
      0.4008268713951111,
      0.5729707479476929,
      0.4521358907222748,
      0.5532657504081726,
      0.6089884638786316,
      0.5299487113952637,
      0.6514269113540649,
      0.6027448773384094,
      0.46006789803504944,
      0.38077959418296814,
      0.4241405129432678,
      0.2768021821975708,
      0.42903080582618713,
      0.508691668510437,
      0.43637529015541077,
      0.40506425499916077,
      0.44264134764671326,
      0.6960517168045044,
      0.4454471170902252,
      0.525026798248291,
      0.35065653920173645
    ],
    "client0_TC": [
      4.817372973775491e-05,
      0.08609304577112198,
      0.14391745626926422,
      0.23769882321357727,
      0.3076697587966919,
      0.38071078062057495,
      0.4233006536960602,
      0.4013412892818451,
      0.42982572317123413,
      0.38121312856674194,
      0.4260633587837219,
      0.5439084768295288,
      0.3793162703514099,
      0.4067414402961731,
      0.4925292432308197,
      0.49280890822410583,
      0.487771213054657,
      0.4821699559688568,
      0.43381261825561523,
      0.4242921471595764,
      0.41551002860069275,
      0.3419331908226013,
      0.4420846998691559,
      0.47834911942481995,
      0.4864700734615326,
      0.4322303831577301,
      0.4698752760887146,
      0.5162832140922546,
      0.4439484477043152,
      0.4983247220516205,
      0.44230228662490845
    ],
    "client0_ET": [
      0.007345868740230799,
      0.016035309061408043,
      0.030405769124627113,
      0.10905072838068008,
      0.15254756808280945,
      0.25743329524993896,
      0.3103063702583313,
      0.30598315596580505,
      0.33244311809539795,
      0.3189864158630371,
      0.37447986006736755,
      0.40278878808021545,
      0.3492047190666199,
      0.317766010761261,
      0.4540983736515045,
      0.32731491327285767,
      0.36232811212539673,
      0.4276164472103119,
      0.3994913399219513,
      0.34980499744415283,
      0.30610230565071106,
      0.32601964473724365,
      0.39800825715065,
      0.44956594705581665,
      0.4617108702659607,
      0.3681243360042572,
      0.42408546805381775,
      0.5099291801452637,
      0.3732559382915497,
      0.4357711672782898,
      0.3523199260234833
    ],
    "client1_meanDice": [
      0.044881779700517654,
      0.07560881227254868,
      0.12029421329498291,
      0.22018970549106598,
      0.2845642864704132,
      0.3865346610546112,
      0.4402494430541992,
      0.3539588749408722,
      0.5183623433113098,
      0.3410555422306061,
      0.5006052255630493,
      0.5741282105445862,
      0.5917918086051941,
      0.5537210702896118,
      0.6733277440071106,
      0.5150643587112427,
      0.6641997694969177,
      0.6638113856315613,
      0.6036396622657776,
      0.5469355583190918,
      0.4886120855808258,
      0.4820040166378021,
      0.5163741707801819,
      0.6536851525306702,
      0.6868359446525574,
      0.5991058945655823,
      0.6259898543357849,
      0.7235457897186279,
      0.6106694340705872,
      0.648080050945282,
      0.5915393233299255
    ],
    "client1_WT": [
      0.12049919366836548,
      0.1264173984527588,
      0.14476589858531952,
      0.23556146025657654,
      0.38061004877090454,
      0.4436323344707489,
      0.5070967674255371,
      0.37326541543006897,
      0.5517042279243469,
      0.4062987267971039,
      0.4350607395172119,
      0.5988118648529053,
      0.6303137540817261,
      0.6281991004943848,
      0.6619720458984375,
      0.4943183660507202,
      0.6625885367393494,
      0.657901406288147,
      0.5615079998970032,
      0.5070081949234009,
      0.5222342610359192,
      0.38894030451774597,
      0.5274739861488342,
      0.6155238151550293,
      0.6450480222702026,
      0.498349130153656,
      0.5899553298950195,
      0.7689726948738098,
      0.5869541168212891,
      0.6594213247299194,
      0.5169994235038757
    ],
    "client1_TC": [
      0.00010205145372310653,
      0.06260058283805847,
      0.10583740472793579,
      0.2017478197813034,
      0.2284136563539505,
      0.3331509828567505,
      0.40805473923683167,
      0.3313823342323303,
      0.46752482652664185,
      0.3003721535205841,
      0.523008406162262,
      0.5585278868675232,
      0.548480212688446,
      0.4937553405761719,
      0.6932638883590698,
      0.5245678424835205,
      0.6896054744720459,
      0.6773364543914795,
      0.6273730397224426,
      0.5767714381217957,
      0.4962748885154724,
      0.5184992551803589,
      0.5188800096511841,
      0.6654606461524963,
      0.7132837772369385,
      0.6636470556259155,
      0.630549430847168,
      0.6903285384178162,
      0.6205698251724243,
      0.639269232749939,
      0.6260579824447632
    ],
    "client1_ET": [
      0.014044102281332016,
      0.03780845180153847,
      0.11027930676937103,
      0.22325986623764038,
      0.24466918408870697,
      0.38282060623168945,
      0.40559691190719604,
      0.3572289049625397,
      0.5358580350875854,
      0.31649574637413025,
      0.5437465310096741,
      0.5650447607040405,
      0.5965814590454102,
      0.5392087697982788,
      0.6647474765777588,
      0.5263068675994873,
      0.6404052376747131,
      0.6561961770057678,
      0.6220380663871765,
      0.5570271611213684,
      0.4473270773887634,
      0.5385724306106567,
      0.5027683973312378,
      0.6800711750984192,
      0.7021759748458862,
      0.6353214979171753,
      0.6574648022651672,
      0.7113361954689026,
      0.6244843602180481,
      0.6455495953559875,
      0.6315605640411377
    ],