{
  "config": {
    "strategy": "fedavg",
    "mu": 0.0,
    "rounds": 10,
    "local_epochs": 3,
    "lr": 0.001,
    "batch_size": 32,
    "seed": 42,
    "partition_dir": "/home/bk489/federated/federated-thesis/data/partitions/federated_clients_2_70_30/client_data",
    "out_dir": "/home/bk489/federated/federated-thesis/results/federated/clients_2_70_30/fedavg_mu0.0_R10_E3_20260126_213254"
  },
  "timing": {
    "total_seconds": 2959.2878918647766,
    "seconds_per_round": 295.9287891864777
  },
  "per_round": {
    "rounds": [
      0,
      1,
      2,
      3,
      4,
      5,
      6,
      7,
      8,
      9,
      10
    ],
    "client0_meanDice": [
      0.03770172968506813,
      0.16992191970348358,
      0.6021324992179871,
      0.8345951437950134,
      0.8398072123527527,
      0.8972662091255188,
      0.8958504796028137,
      0.9130001664161682,
      0.9078299403190613,
      0.8969795107841492,
      0.9125843644142151
    ],
    "client0_WT": [
      0.06847331672906876,
      0.30150702595710754,
      0.7403184771537781,
      0.8587883710861206,
      0.9094334244728088,
      0.917930006980896,
      0.9206140637397766,
      0.9208264350891113,
      0.9194017052650452,
      0.9152848124504089,
      0.9290667176246643
    ],
    "client0_TC": [
      0.028696298599243164,
      0.1182742789387703,
      0.5004019141197205,
      0.8121328353881836,
      0.8048334717750549,
      0.8816351294517517,
      0.901055634021759,
      0.9311874508857727,
      0.9162548780441284,
      0.8926392793655396,
      0.9215318560600281
    ],
    "client0_ET": [
      0.015935571864247322,
      0.08998442441225052,
      0.5656770467758179,
      0.8328642249107361,
      0.8051546216011047,
      0.8922334909439087,
      0.8658819198608398,
      0.8869867324829102,
      0.8878331780433655,
      0.8830143213272095,
      0.8871545195579529
    ],
    "client1_meanDice": [
      0.04941513016819954,
      0.2013622522354126,
      0.5961942672729492,
      0.8124017715454102,
      0.8323452472686768,
      0.8740858435630798,
      0.8459331393241882,
      0.8649947643280029,
      0.8697385191917419,
      0.8792105317115784,
      0.8743718266487122
    ],
    "client1_WT": [
      0.07979560643434525,
      0.3274894058704376,
      0.7520084381103516,
      0.8662722706794739,
      0.9105280041694641,
      0.9274015426635742,
      0.917639970779419,
      0.9281797409057617,
      0.9289363026618958,
      0.9278197288513184,
      0.9336631894111633
    ],
    "client1_TC": [
      0.048327118158340454,
      0.17453937232494354,
      0.5012823939323425,
      0.7717812657356262,
      0.8416233062744141,
      0.8615497946739197,
      0.816551148891449,
      0.8390607833862305,
      0.8255017399787903,
      0.859610378742218,
      0.8357958197593689
    ],
    "client1_ET": [
      0.02012268267571926,
      0.10205801576375961,
      0.5352919101715088,
      0.7991518974304199,
      0.7448844909667969,
      0.8333061337471008,
      0.8036081790924072,
      0.8277438282966614,
      0.8547773957252502,
      0.8502015471458435,
      0.853656530380249
    ],
    "global_meanDice": [
      0.042038705199956894,
      0.18061669170856476,
      0.5944957733154297,
      0.8172975182533264,
      0.8215057253837585,
      0.8762795329093933,
      0.870482861995697,
      0.8807074427604675,
      0.8826050758361816,
      0.8801343441009521,
      0.8907185196876526
    ],
    "global_WT": [
      0.07310128211975098,
      0.3118525445461273,
      0.7466453313827515,
      0.8627445101737976,
      0.9079793691635132,
      0.9204161763191223,
      0.9203411340713501,
      0.9222127795219421,
      0.9217421412467957,
      0.9180803298950195,
      0.9291677474975586
    ],
    "global_TC": [
      0.03626931086182594,
      0.1393047273159027,
      0.49901366233825684,
      0.7842424511909485,
      0.8071443438529968,
      0.8628683090209961,
      0.8562019467353821,
      0.8826518058776855,
      0.8571925163269043,
      0.8694432973861694,
      0.8730965852737427
    ],
    "global_ET": [
      0.016745518893003464,
      0.09069283306598663,
      0.537828266620636,
      0.8049057126045227,
      0.7493935823440552,
      0.8455540537834167,
      0.8349054455757141,
      0.8372576832771301,
      0.8688806295394897,
      0.8528794050216675,
      0.8698912858963013
    ]
  },
  "final": {
    "client0_meanDice": 0.9125843644142151,
    "client0_best_meanDice": 0.9130001664161682,
    "client1_meanDice": 0.8743718266487122,
    "client1_best_meanDice": 0.8792105317115784,
    "global_meanDice": 0.8907185196876526,
    "global_best_meanDice": 0.8907185196876526
  }
}